[{"model": "auth.permission", "pk": 1, "fields": {"name": "Can add log entry", "content_type": 1, "codename": "add_logentry"}}, {"model": "auth.permission", "pk": 2, "fields": {"name": "Can change log entry", "content_type": 1, "codename": "change_logentry"}}, {"model": "auth.permission", "pk": 3, "fields": {"name": "Can delete log entry", "content_type": 1, "codename": "delete_logentry"}}, {"model": "auth.permission", "pk": 4, "fields": {"name": "Can view log entry", "content_type": 1, "codename": "view_logentry"}}, {"model": "auth.permission", "pk": 5, "fields": {"name": "Can add permission", "content_type": 2, "codename": "add_permission"}}, {"model": "auth.permission", "pk": 6, "fields": {"name": "Can change permission", "content_type": 2, "codename": "change_permission"}}, {"model": "auth.permission", "pk": 7, "fields": {"name": "Can delete permission", "content_type": 2, "codename": "delete_permission"}}, {"model": "auth.permission", "pk": 8, "fields": {"name": "Can view permission", "content_type": 2, "codename": "view_permission"}}, {"model": "auth.permission", "pk": 9, "fields": {"name": "Can add group", "content_type": 3, "codename": "add_group"}}, {"model": "auth.permission", "pk": 10, "fields": {"name": "Can change group", "content_type": 3, "codename": "change_group"}}, {"model": "auth.permission", "pk": 11, "fields": {"name": "Can delete group", "content_type": 3, "codename": "delete_group"}}, {"model": "auth.permission", "pk": 12, "fields": {"name": "Can view group", "content_type": 3, "codename": "view_group"}}, {"model": "auth.permission", "pk": 13, "fields": {"name": "Can add user", "content_type": 4, "codename": "add_user"}}, {"model": "auth.permission", "pk": 14, "fields": {"name": "Can change user", "content_type": 4, "codename": "change_user"}}, {"model": "auth.permission", "pk": 15, "fields": {"name": "Can delete user", "content_type": 4, "codename": "delete_user"}}, {"model": "auth.permission", "pk": 16, "fields": {"name": "Can view user", "content_type": 4, "codename": "view_user"}}, {"model": "auth.permission", "pk": 17, "fields": {"name": "Can add content type", "content_type": 5, "codename": "add_contenttype"}}, {"model": "auth.permission", "pk": 18, "fields": {"name": "Can change content type", "content_type": 5, "codename": "change_contenttype"}}, {"model": "auth.permission", "pk": 19, "fields": {"name": "Can delete content type", "content_type": 5, "codename": "delete_contenttype"}}, {"model": "auth.permission", "pk": 20, "fields": {"name": "Can view content type", "content_type": 5, "codename": "view_contenttype"}}, {"model": "auth.permission", "pk": 21, "fields": {"name": "Can add session", "content_type": 6, "codename": "add_session"}}, {"model": "auth.permission", "pk": 22, "fields": {"name": "Can change session", "content_type": 6, "codename": "change_session"}}, {"model": "auth.permission", "pk": 23, "fields": {"name": "Can delete session", "content_type": 6, "codename": "delete_session"}}, {"model": "auth.permission", "pk": 24, "fields": {"name": "Can view session", "content_type": 6, "codename": "view_session"}}, {"model": "auth.permission", "pk": 25, "fields": {"name": "Can add Area", "content_type": 7, "codename": "add_area"}}, {"model": "auth.permission", "pk": 26, "fields": {"name": "Can change Area", "content_type": 7, "codename": "change_area"}}, {"model": "auth.permission", "pk": 27, "fields": {"name": "Can delete Area", "content_type": 7, "codename": "delete_area"}}, {"model": "auth.permission", "pk": 28, "fields": {"name": "Can view Area", "content_type": 7, "codename": "view_area"}}, {"model": "auth.permission", "pk": 29, "fields": {"name": "Can add Macchina Spazzatrice", "content_type": 8, "codename": "add_cleaningmachine"}}, {"model": "auth.permission", "pk": 30, "fields": {"name": "Can change Macchina Spazzatrice", "content_type": 8, "codename": "change_cleaningmachine"}}, {"model": "auth.permission", "pk": 31, "fields": {"name": "Can delete Macchina Spazzatrice", "content_type": 8, "codename": "delete_cleaningmachine"}}, {"model": "auth.permission", "pk": 32, "fields": {"name": "Can view Macchina Spazzatrice", "content_type": 8, "codename": "view_cleaningmachine"}}, {"model": "auth.permission", "pk": 33, "fields": {"name": "Can add Strada", "content_type": 9, "codename": "add_street"}}, {"model": "auth.permission", "pk": 34, "fields": {"name": "Can change Strada", "content_type": 9, "codename": "change_street"}}, {"model": "auth.permission", "pk": 35, "fields": {"name": "Can delete Strada", "content_type": 9, "codename": "delete_street"}}, {"model": "auth.permission", "pk": 36, "fields": {"name": "Can view Strada", "content_type": 9, "codename": "view_street"}}, {"model": "auth.permission", "pk": 37, "fields": {"name": "Can add Piano Passaggi", "content_type": 10, "codename": "add_passageplan"}}, {"model": "auth.permission", "pk": 38, "fields": {"name": "Can change Piano Passaggi", "content_type": 10, "codename": "change_passageplan"}}, {"model": "auth.permission", "pk": 39, "fields": {"name": "Can delete Piano Passaggi", "content_type": 10, "codename": "delete_passageplan"}}, {"model": "auth.permission", "pk": 40, "fields": {"name": "Can view Piano Passaggi", "content_type": 10, "codename": "view_passageplan"}}, {"model": "auth.permission", "pk": 41, "fields": {"name": "Can add Ordine di Lavoro", "content_type": 11, "codename": "add_workorder"}}, {"model": "auth.permission", "pk": 42, "fields": {"name": "Can change Ordine di Lavoro", "content_type": 11, "codename": "change_workorder"}}, {"model": "auth.permission", "pk": 43, "fields": {"name": "Can delete Ordine di Lavoro", "content_type": 11, "codename": "delete_workorder"}}, {"model": "auth.permission", "pk": 44, "fields": {"name": "Can view Ordine di Lavoro", "content_type": 11, "codename": "view_workorder"}}, {"model": "auth.permission", "pk": 45, "fields": {"name": "Can add Tipo Operazione Pulizia", "content_type": 12, "codename": "add_cleaningoperationtype"}}, {"model": "auth.permission", "pk": 46, "fields": {"name": "Can change Tipo Operazione Pulizia", "content_type": 12, "codename": "change_cleaningoperationtype"}}, {"model": "auth.permission", "pk": 47, "fields": {"name": "Can delete Tipo Operazione Pulizia", "content_type": 12, "codename": "delete_cleaningoperationtype"}}, {"model": "auth.permission", "pk": 48, "fields": {"name": "Can view Tipo Operazione Pulizia", "content_type": 12, "codename": "view_cleaningoperationtype"}}, {"model": "auth.permission", "pk": 49, "fields": {"name": "Can add Operazione Pulizia Strada", "content_type": 13, "codename": "add_streetcleaningoperation"}}, {"model": "auth.permission", "pk": 50, "fields": {"name": "Can change Operazione Pulizia Strada", "content_type": 13, "codename": "change_streetcleaningoperation"}}, {"model": "auth.permission", "pk": 51, "fields": {"name": "Can delete Operazione Pulizia Strada", "content_type": 13, "codename": "delete_streetcleaningoperation"}}, {"model": "auth.permission", "pk": 52, "fields": {"name": "Can view Operazione Pulizia Strada", "content_type": 13, "codename": "view_streetcleaningoperation"}}, {"model": "auth.user", "pk": 1, "fields": {"password": "pbkdf2_sha256$1000000$i2MSAKrw0WsxrAtU90rDJ2$VbernWlrIi92WvG/FMMIgZAEozhE+4knjk/68H+5Kf8=", "last_login": "2025-09-15T06:53:58.159Z", "is_superuser": true, "username": "admin", "first_name": "", "last_name": "", "email": "admin@email.com", "is_staff": true, "is_active": true, "date_joined": "2025-09-11T06:49:14.588Z", "groups": [], "user_permissions": []}}, {"model": "contenttypes.contenttype", "pk": 1, "fields": {"app_label": "admin", "model": "logentry"}}, {"model": "contenttypes.contenttype", "pk": 2, "fields": {"app_label": "auth", "model": "permission"}}, {"model": "contenttypes.contenttype", "pk": 3, "fields": {"app_label": "auth", "model": "group"}}, {"model": "contenttypes.contenttype", "pk": 4, "fields": {"app_label": "auth", "model": "user"}}, {"model": "contenttypes.contenttype", "pk": 5, "fields": {"app_label": "contenttypes", "model": "contenttype"}}, {"model": "contenttypes.contenttype", "pk": 6, "fields": {"app_label": "sessions", "model": "session"}}, {"model": "contenttypes.contenttype", "pk": 7, "fields": {"app_label": "main", "model": "area"}}, {"model": "contenttypes.contenttype", "pk": 8, "fields": {"app_label": "main", "model": "cleaningmachine"}}, {"model": "contenttypes.contenttype", "pk": 9, "fields": {"app_label": "main", "model": "street"}}, {"model": "contenttypes.contenttype", "pk": 10, "fields": {"app_label": "main", "model": "passageplan"}}, {"model": "contenttypes.contenttype", "pk": 11, "fields": {"app_label": "main", "model": "workorder"}}, {"model": "contenttypes.contenttype", "pk": 12, "fields": {"app_label": "main", "model": "cleaningoperationtype"}}, {"model": "contenttypes.contenttype", "pk": 13, "fields": {"app_label": "main", "model": "streetcleaningoperation"}}, {"model": "sessions.session", "pk": "06rza5exmzxeaknbpqicadq67ydiuzj6", "fields": {"session_data": ".eJxVjMsOwiAQRf-FtSEMtDxcuvcbyAwMUjU0Ke3K-O_apAvd3nPOfYmI21rj1nmJUxZnAeL0uxGmB7cd5Du22yzT3NZlIrkr8qBdXufMz8vh_h1U7PVbl0FDLiZ4l31mBQa9B0dgS7CcKKC2xih21gZMNA7ESjvrPCWlcfQg3h_cHzd8:1uy366:8FCBmGX0PiROAVfVzenHQ-C5bQaNjl5YExhKqD2VpZQ", "expire_date": "2025-09-29T06:53:58.178Z"}}, {"model": "main.cleaningmachine", "pk": 1, "fields": {"name": "Spazzatrice AMB 080 Meccanizzato", "description": "Imported from giornaliera.xlsx", "created_at": "2025-09-11T11:28:30.504Z"}}, {"model": "main.cleaningmachine", "pk": 2, "fields": {"name": "Spazzatrice       AMF327", "description": "Imported from giornaliera.xlsx", "created_at": "2025-09-11T11:28:30.831Z"}}, {"model": "main.cleaningmachine", "pk": 3, "fields": {"name": "Lavastrade      DC009TZ", "description": "Imported from giornaliera.xlsx", "created_at": "2025-09-11T11:28:30.973Z"}}, {"model": "main.area", "pk": 1, "fields": {"name": "167", "description": "Importata da rapportino.xlsx", "created_at": "2025-09-11T11:16:41.160Z"}}, {"model": "main.area", "pk": 2, "fields": {"name": "ANDRIOLU", "description": "Importata da rapportino.xlsx", "created_at": "2025-09-11T11:16:41.228Z"}}, {"model": "main.area", "pk": 3, "fields": {"name": "AREA SACCHI/PRINCIPE DI PIEMONTE", "description": "Importata da rapportino.xlsx", "created_at": "2025-09-11T11:16:41.282Z"}}, {"model": "main.area", "pk": 4, "fields": {"name": "ASINARA", "description": "Importata da rapportino.xlsx", "created_at": "2025-09-11T11:16:41.345Z"}}, {"model": "main.area", "pk": 5, "fields": {"name": "BORGONA", "description": "Importata da rapportino.xlsx", "created_at": "2025-09-11T11:16:41.350Z"}}, {"model": "main.area", "pk": 6, "fields": {"name": "C1/2", "description": "Importata da rapportino.xlsx", "created_at": "2025-09-11T11:16:41.403Z"}}, {"model": "main.area", "pk": 7, "fields": {"name": "CENTRO STORICO 1", "description": "Importata da rapportino.xlsx", "created_at": "2025-09-11T11:16:41.460Z"}}, {"model": "main.area", "pk": 8, "fields": {"name": "CENTRO STORICO 2", "description": "Importata da rapportino.xlsx", "created_at": "2025-09-11T11:16:41.702Z"}}, {"model": "main.area", "pk": 9, "fields": {"name": "CIMITERO", "description": "Importata da rapportino.xlsx", "created_at": "2025-09-11T11:16:41.823Z"}}, {"model": "main.area", "pk": 10, "fields": {"name": "CONAD PIAZZALE", "description": "Importata da rapportino.xlsx", "created_at": "2025-09-11T11:16:41.850Z"}}, {"model": "main.area", "pk": 11, "fields": {"name": "CORSO VITT. EMANUELE E PIAZZE", "description": "Importata da rapportino.xlsx", "created_at": "2025-09-11T11:16:41.855Z"}}, {"model": "main.area", "pk": 12, "fields": {"name": "MONTE ANGELLUà", "description": "Importata da rapportino.xlsx", "created_at": "2025-09-11T11:16:41.893Z"}}, {"model": "main.area", "pk": 13, "fields": {"name": "OLEANDRO", "description": "Importata da rapportino.xlsx", "created_at": "2025-09-11T11:16:42.071Z"}}, {"model": "main.area", "pk": 14, "fields": {"name": "P.ZZA CAGLIARI/P.ZZA DON MILANI", "description": "Importata da rapportino.xlsx", "created_at": "2025-09-11T11:16:42.104Z"}}, {"model": "main.area", "pk": 15, "fields": {"name": "PACINOTTI AREA", "description": "Importata da rapportino.xlsx", "created_at": "2025-09-11T11:16:42.110Z"}}, {"model": "main.area", "pk": 16, "fields": {"name": "PALAZZETTO", "description": "Importata da rapportino.xlsx", "created_at": "2025-09-11T11:16:42.144Z"}}, {"model": "main.area", "pk": 17, "fields": {"name": "SERRA LI POZZI ", "description": "Importata da rapportino.xlsx", "created_at": "2025-09-11T11:16:42.194Z"}}, {"model": "main.area", "pk": 18, "fields": {"name": "SETTEBELLO", "description": "Importata da rapportino.xlsx", "created_at": "2025-09-11T11:16:42.267Z"}}, {"model": "main.area", "pk": 19, "fields": {"name": "SPIAGGE", "description": "Importata da rapportino.xlsx", "created_at": "2025-09-11T11:16:42.387Z"}}, {"model": "main.area", "pk": 20, "fields": {"name": "VILLAGGIO SATELLITE ", "description": "Importata da rapportino.xlsx", "created_at": "2025-09-11T11:16:42.428Z"}}, {"model": "main.area", "pk": 21, "fields": {"name": "VILLAGGIO VERDE", "description": "Importata da rapportino.xlsx", "created_at": "2025-09-11T11:16:42.503Z"}}, {"model": "main.area", "pk": 22, "fields": {"name": "VIA ANTONELLI", "description": "Importata da rapportino.xlsx", "created_at": "2025-09-11T11:16:42.531Z"}}, {"model": "main.area", "pk": 23, "fields": {"name": "VIA BALAI", "description": "Importata da rapportino.xlsx", "created_at": "2025-09-11T11:16:42.535Z"}}, {"model": "main.area", "pk": 24, "fields": {"name": "VIA DELLA LIBERTA'", "description": "Importata da rapportino.xlsx", "created_at": "2025-09-11T11:16:42.540Z"}}, {"model": "main.area", "pk": 25, "fields": {"name": "VIA ETTORE SACCHI", "description": "Importata da rapportino.xlsx", "created_at": "2025-09-11T11:16:42.544Z"}}, {"model": "main.area", "pk": 26, "fields": {"name": "LUNGOMARE BALAI", "description": "Importata da rapportino.xlsx", "created_at": "2025-09-11T11:16:42.553Z"}}, {"model": "main.area", "pk": 27, "fields": {"name": "VIA MARE", "description": "Importata da rapportino.xlsx", "created_at": "2025-09-11T11:16:42.558Z"}}, {"model": "main.area", "pk": 28, "fields": {"name": "VIA PRINCIPE DI PIEMONTE (Via Mare/Viale delle Vigne)", "description": "Importata da rapportino.xlsx", "created_at": "2025-09-11T11:16:42.562Z"}}, {"model": "main.area", "pk": 29, "fields": {"name": "VIA SASSARI", "description": "Importata da rapportino.xlsx", "created_at": "2025-09-11T11:16:42.566Z"}}, {"model": "main.area", "pk": 30, "fields": {"name": "EX S.P. 81", "description": "Importata da rapportino.xlsx", "created_at": "2025-09-11T11:16:42.570Z"}}, {"model": "main.area", "pk": 31, "fields": {"name": "MANTENIMENTO ESTIVO (Maggio-Settembre)", "description": "Importata da rapportino.xlsx", "created_at": "2025-09-11T11:16:42.574Z"}}, {"model": "main.area", "pk": 32, "fields": {"name": "VIALE DELLE VIGNE", "description": "Importata da rapportino.xlsx", "created_at": "2025-09-11T11:16:42.579Z"}}, {"model": "main.area", "pk": 33, "fields": {"name": "Area Spazzatrice AMB 080 Meccanizzato", "description": "Default area for Spazzatrice AMB 080 Meccanizzato", "created_at": "2025-09-11T11:28:30.510Z"}}, {"model": "main.area", "pk": 34, "fields": {"name": "Area Spazzatrice       AMF327", "description": "Default area for Spazzatrice       AMF327", "created_at": "2025-09-11T11:28:30.837Z"}}, {"model": "main.area", "pk": 35, "fields": {"name": "Area Lavastrade      DC009TZ", "description": "Default area for Lavastrade      DC009TZ", "created_at": "2025-09-11T11:28:30.978Z"}}, {"model": "main.cleaningoperationtype", "pk": 1, "fields": {"name": "VIE", "description": "Importata da rapportino.xlsx", "frequency_per_week": 1}}, {"model": "main.cleaningoperationtype", "pk": 2, "fields": {"name": "* non presenti nel progetto offerta", "description": "Importata da rapportino.xlsx", "frequency_per_week": 1}}, {"model": "main.cleaningoperationtype", "pk": 3, "fields": {"name": "CORREGGERE", "description": "Importata da rapportino.xlsx", "frequency_per_week": 1}}, {"model": "main.cleaningoperationtype", "pk": 4, "fields": {"name": "*** NON previsti nel progetto offerta", "description": "Importata da rapportino.xlsx", "frequency_per_week": 1}}, {"model": "main.cleaningoperationtype", "pk": 5, "fields": {"name": "**** Non presente offerta", "description": "Importata da rapportino.xlsx", "frequency_per_week": 1}}, {"model": "main.cleaningoperationtype", "pk": 6, "fields": {"name": "*** NON presente nel progetto offerta", "description": "Importata da rapportino.xlsx", "frequency_per_week": 1}}, {"model": "main.street", "pk": 1, "fields": {"name": "Via Ponente *", "area": 1, "created_at": "2025-09-11T11:16:41.170Z"}}, {"model": "main.street", "pk": 2, "fields": {"name": "Via Puglisi", "area": 1, "created_at": "2025-09-11T11:16:41.177Z"}}, {"model": "main.street", "pk": 3, "fields": {"name": "Via Livatino *", "area": 1, "created_at": "2025-09-11T11:16:41.182Z"}}, {"model": "main.street", "pk": 4, "fields": {"name": "Via Scirocco *", "area": 1, "created_at": "2025-09-11T11:16:41.188Z"}}, {"model": "main.street", "pk": 5, "fields": {"name": "Via Loi", "area": 1, "created_at": "2025-09-11T11:16:41.194Z"}}, {"model": "main.street", "pk": 6, "fields": {"name": "Via Rocco Chinnici *", "area": 1, "created_at": "2025-09-11T11:16:41.200Z"}}, {"model": "main.street", "pk": 7, "fields": {"name": "Via Tramontana", "area": 1, "created_at": "2025-09-11T11:16:41.209Z"}}, {"model": "main.street", "pk": 8, "fields": {"name": "Via Levante", "area": 1, "created_at": "2025-09-11T11:16:41.216Z"}}, {"model": "main.street", "pk": 9, "fields": {"name": "Via Tiziano", "area": 2, "created_at": "2025-09-11T11:16:41.232Z"}}, {"model": "main.street", "pk": 10, "fields": {"name": "Via Rum", "area": 2, "created_at": "2025-09-11T11:16:41.238Z"}}, {"model": "main.street", "pk": 11, "fields": {"name": "Via Colombino", "area": 2, "created_at": "2025-09-11T11:16:41.243Z"}}, {"model": "main.street", "pk": 12, "fields": {"name": "Via Caravaggio", "area": 2, "created_at": "2025-09-11T11:16:41.248Z"}}, {"model": "main.street", "pk": 13, "fields": {"name": "Via Giotto", "area": 2, "created_at": "2025-09-11T11:16:41.253Z"}}, {"model": "main.street", "pk": 14, "fields": {"name": "Via Modigliani", "area": 2, "created_at": "2025-09-11T11:16:41.257Z"}}, {"model": "main.street", "pk": 15, "fields": {"name": "Via Leonardo Da Vinci", "area": 2, "created_at": "2025-09-11T11:16:41.262Z"}}, {"model": "main.street", "pk": 16, "fields": {"name": "Via Fattori", "area": 2, "created_at": "2025-09-11T11:16:41.265Z"}}, {"model": "main.street", "pk": 17, "fields": {"name": "Via Sanzio", "area": 2, "created_at": "2025-09-11T11:16:41.270Z"}}, {"model": "main.street", "pk": 18, "fields": {"name": "Via Matteotti", "area": 3, "created_at": "2025-09-11T11:16:41.289Z"}}, {"model": "main.street", "pk": 19, "fields": {"name": "Via Trento", "area": 3, "created_at": "2025-09-11T11:16:41.294Z"}}, {"model": "main.street", "pk": 20, "fields": {"name": "Via Galilei tratto", "area": 3, "created_at": "2025-09-11T11:16:41.298Z"}}, {"model": "main.street", "pk": 21, "fields": {"name": "Via Amsicora tratto", "area": 3, "created_at": "2025-09-11T11:16:41.303Z"}}, {"model": "main.street", "pk": 22, "fields": {"name": "Via Petronia tratto", "area": 3, "created_at": "2025-09-11T11:16:41.308Z"}}, {"model": "main.street", "pk": 23, "fields": {"name": "Via Princ. Giovanna tratto", "area": 3, "created_at": "2025-09-11T11:16:41.313Z"}}, {"model": "main.street", "pk": 24, "fields": {"name": "Via Trieste", "area": 3, "created_at": "2025-09-11T11:16:41.317Z"}}, {"model": "main.street", "pk": 25, "fields": {"name": "Via Cavour tratto", "area": 3, "created_at": "2025-09-11T11:16:41.323Z"}}, {"model": "main.street", "pk": 26, "fields": {"name": "Via Alfieri tratto", "area": 3, "created_at": "2025-09-11T11:16:41.332Z"}}, {"model": "main.street", "pk": 27, "fields": {"name": "Via Farina", "area": 5, "created_at": "2025-09-11T11:16:41.356Z"}}, {"model": "main.street", "pk": 28, "fields": {"name": "Via Biccheddu", "area": 5, "created_at": "2025-09-11T11:16:41.361Z"}}, {"model": "main.street", "pk": 29, "fields": {"name": "Via Petronia tratto", "area": 5, "created_at": "2025-09-11T11:16:41.366Z"}}, {"model": "main.street", "pk": 30, "fields": {"name": "Via Principessa Giovanna tratto", "area": 5, "created_at": "2025-09-11T11:16:41.371Z"}}, {"model": "main.street", "pk": 31, "fields": {"name": "Via Satta tratto (Via Balai/Via amsicora)", "area": 5, "created_at": "2025-09-11T11:16:41.376Z"}}, {"model": "main.street", "pk": 32, "fields": {"name": "Via Petrarca", "area": 5, "created_at": "2025-09-11T11:16:41.381Z"}}, {"model": "main.street", "pk": 33, "fields": {"name": "Via Deledda", "area": 5, "created_at": "2025-09-11T11:16:41.385Z"}}, {"model": "main.street", "pk": 34, "fields": {"name": "Via Satta tratto", "area": 5, "created_at": "2025-09-11T11:16:41.396Z"}}, {"model": "main.street", "pk": 35, "fields": {"name": "Via Manzoni tratto", "area": 6, "created_at": "2025-09-11T11:16:41.409Z"}}, {"model": "main.street", "pk": 36, "fields": {"name": "Via Montale tratto", "area": 6, "created_at": "2025-09-11T11:16:41.415Z"}}, {"model": "main.street", "pk": 37, "fields": {"name": "Via Pavese", "area": 6, "created_at": "2025-09-11T11:16:41.421Z"}}, {"model": "main.street", "pk": 38, "fields": {"name": "Via Lussu", "area": 6, "created_at": "2025-09-11T11:16:41.427Z"}}, {"model": "main.street", "pk": 39, "fields": {"name": "Via Pira", "area": 6, "created_at": "2025-09-11T11:16:41.431Z"}}, {"model": "main.street", "pk": 40, "fields": {"name": "Via Gramsci tratto", "area": 6, "created_at": "2025-09-11T11:16:41.434Z"}}, {"model": "main.street", "pk": 41, "fields": {"name": "Via Pertini", "area": 6, "created_at": "2025-09-11T11:16:41.440Z"}}, {"model": "main.street", "pk": 42, "fields": {"name": "Via Verga", "area": 6, "created_at": "2025-09-11T11:16:41.444Z"}}, {"model": "main.street", "pk": 43, "fields": {"name": "Via Monti tratto", "area": 6, "created_at": "2025-09-11T11:16:41.450Z"}}, {"model": "main.street", "pk": 44, "fields": {"name": "Via Conti", "area": 7, "created_at": "2025-09-11T11:16:41.466Z"}}, {"model": "main.street", "pk": 45, "fields": {"name": "Via Ponte Romano (P.I. sino Via Foscolo)", "area": 7, "created_at": "2025-09-11T11:16:41.471Z"}}, {"model": "main.street", "pk": 46, "fields": {"name": "Via Paglietti", "area": 7, "created_at": "2025-09-11T11:16:41.477Z"}}, {"model": "main.street", "pk": 47, "fields": {"name": "Via Petronia inizio (P.I. sino Via Foscolo)", "area": 7, "created_at": "2025-09-11T11:16:41.483Z"}}, {"model": "main.street", "pk": 48, "fields": {"name": "Via delle Terme", "area": 7, "created_at": "2025-09-11T11:16:41.487Z"}}, {"model": "main.street", "pk": 49, "fields": {"name": "Via Azuni (Via Mare/V. Ponte Romano)***", "area": 7, "created_at": "2025-09-11T11:16:41.492Z"}}, {"model": "main.street", "pk": 50, "fields": {"name": "Via Colonia Romana fine", "area": 7, "created_at": "2025-09-11T11:16:41.497Z"}}, {"model": "main.street", "pk": 51, "fields": {"name": "Via Bixio", "area": 7, "created_at": "2025-09-11T11:16:41.503Z"}}, {"model": "main.street", "pk": 52, "fields": {"name": "Via Rossini tratto", "area": 7, "created_at": "2025-09-11T11:16:41.507Z"}}, {"model": "main.street", "pk": 53, "fields": {"name": "Via Mazzini tratto", "area": 7, "created_at": "2025-09-11T11:16:41.512Z"}}, {"model": "main.street", "pk": 54, "fields": {"name": "Via Tola/p.zza Tola", "area": 7, "created_at": "2025-09-11T11:16:41.519Z"}}, {"model": "main.street", "pk": 55, "fields": {"name": "Via Giordano Bruno ***", "area": 7, "created_at": "2025-09-11T11:16:41.523Z"}}, {"model": "main.street", "pk": 56, "fields": {"name": "Via Azuni (V. Ponte Romano/Rossini)", "area": 7, "created_at": "2025-09-11T11:16:41.530Z"}}, {"model": "main.street", "pk": 57, "fields": {"name": "Via Carducci", "area": 7, "created_at": "2025-09-11T11:16:41.535Z"}}, {"model": "main.street", "pk": 58, "fields": {"name": "Via Josto", "area": 7, "created_at": "2025-09-11T11:16:41.539Z"}}, {"model": "main.street", "pk": 59, "fields": {"name": "Via D'Arborea (Corso/Via Fontana Vecchia)", "area": 7, "created_at": "2025-09-11T11:16:41.544Z"}}, {"model": "main.street", "pk": 60, "fields": {"name": "Via Foscolo", "area": 7, "created_at": "2025-09-11T11:16:41.550Z"}}, {"model": "main.street", "pk": 61, "fields": {"name": "Via Cavour tratto", "area": 7, "created_at": "2025-09-11T11:16:41.554Z"}}, {"model": "main.street", "pk": 62, "fields": {"name": "Via Ponte Romano (Via Foscolo/Corso)", "area": 7, "created_at": "2025-09-11T11:16:41.559Z"}}, {"model": "main.street", "pk": 63, "fields": {"name": "Via Colonia Romana", "area": 7, "created_at": "2025-09-11T11:16:41.563Z"}}, {"model": "main.street", "pk": 64, "fields": {"name": "Via Petronia (Via Foscolo/Corso)", "area": 7, "created_at": "2025-09-11T11:16:41.567Z"}}, {"model": "main.street", "pk": 65, "fields": {"name": "Via Petronia", "area": 7, "created_at": "2025-09-11T11:16:41.579Z"}}, {"model": "main.street", "pk": 66, "fields": {"name": "Via Ponte Romano (P.I.)", "area": 7, "created_at": "2025-09-11T11:16:41.584Z"}}, {"model": "main.street", "pk": 67, "fields": {"name": "Piazza Dogana *******", "area": 7, "created_at": "2025-09-11T11:16:41.589Z"}}, {"model": "main.street", "pk": 68, "fields": {"name": "Via Tola/P.zza Tola", "area": 7, "created_at": "2025-09-11T11:16:41.597Z"}}, {"model": "main.street", "pk": 69, "fields": {"name": "Via Bassu ******", "area": 7, "created_at": "2025-09-11T11:16:41.602Z"}}, {"model": "main.street", "pk": 70, "fields": {"name": "Via Azuni fine", "area": 7, "created_at": "2025-09-11T11:16:41.607Z"}}, {"model": "main.street", "pk": 71, "fields": {"name": "Via Giordano Bruno ******", "area": 7, "created_at": "2025-09-11T11:16:41.612Z"}}, {"model": "main.street", "pk": 72, "fields": {"name": "Via Cavour", "area": 7, "created_at": "2025-09-11T11:16:41.617Z"}}, {"model": "main.street", "pk": 73, "fields": {"name": "Via Azuni", "area": 7, "created_at": "2025-09-11T11:16:41.623Z"}}, {"model": "main.street", "pk": 74, "fields": {"name": "Via Arborea", "area": 7, "created_at": "2025-09-11T11:16:41.630Z"}}, {"model": "main.street", "pk": 75, "fields": {"name": "Via Rossini", "area": 7, "created_at": "2025-09-11T11:16:41.635Z"}}, {"model": "main.street", "pk": 76, "fields": {"name": "Via Petronia inizio", "area": 7, "created_at": "2025-09-11T11:16:41.640Z"}}, {"model": "main.street", "pk": 77, "fields": {"name": "Via Ponte Romano", "area": 7, "created_at": "2025-09-11T11:16:41.644Z"}}, {"model": "main.street", "pk": 78, "fields": {"name": "Via Arbora tratto finale", "area": 7, "created_at": "2025-09-11T11:16:41.648Z"}}, {"model": "main.street", "pk": 79, "fields": {"name": "Via Amsicora", "area": 7, "created_at": "2025-09-11T11:16:41.655Z"}}, {"model": "main.street", "pk": 80, "fields": {"name": "Via Mazzini", "area": 7, "created_at": "2025-09-11T11:16:41.659Z"}}, {"model": "main.street", "pk": 81, "fields": {"name": "Via Bassu", "area": 7, "created_at": "2025-09-11T11:16:41.665Z"}}, {"model": "main.street", "pk": 82, "fields": {"name": "Via Giordano Bruno", "area": 7, "created_at": "2025-09-11T11:16:41.674Z"}}, {"model": "main.street", "pk": 83, "fields": {"name": "Via Lamarmora", "area": 8, "created_at": "2025-09-11T11:16:41.708Z"}}, {"model": "main.street", "pk": 84, "fields": {"name": "Via Roma", "area": 8, "created_at": "2025-09-11T11:16:41.715Z"}}, {"model": "main.street", "pk": 85, "fields": {"name": "Via Cavour tratto", "area": 8, "created_at": "2025-09-11T11:16:41.720Z"}}, {"model": "main.street", "pk": 86, "fields": {"name": "Via Petronia (Corso/V. Sacchi)", "area": 8, "created_at": "2025-09-11T11:16:41.726Z"}}, {"model": "main.street", "pk": 87, "fields": {"name": "Via Libio", "area": 8, "created_at": "2025-09-11T11:16:41.731Z"}}, {"model": "main.street", "pk": 88, "fields": {"name": "Vicolo Brin ***", "area": 8, "created_at": "2025-09-11T11:16:41.735Z"}}, {"model": "main.street", "pk": 89, "fields": {"name": "Via Angioy", "area": 8, "created_at": "2025-09-11T11:16:41.739Z"}}, {"model": "main.street", "pk": 90, "fields": {"name": "Via Galilei (Via Libio/V. Sacchi)", "area": 8, "created_at": "2025-09-11T11:16:41.744Z"}}, {"model": "main.street", "pk": 91, "fields": {"name": "Via Ponte Romano (V. Libio/V. Sacchi)", "area": 8, "created_at": "2025-09-11T11:16:41.749Z"}}, {"model": "main.street", "pk": 92, "fields": {"name": "Via Arborea tratto", "area": 8, "created_at": "2025-09-11T11:16:41.754Z"}}, {"model": "main.street", "pk": 93, "fields": {"name": "Vicolo Brin ****", "area": 8, "created_at": "2025-09-11T11:16:41.761Z"}}, {"model": "main.street", "pk": 94, "fields": {"name": "Via Petronia", "area": 8, "created_at": "2025-09-11T11:16:41.767Z"}}, {"model": "main.street", "pk": 95, "fields": {"name": "Via Amsicora", "area": 8, "created_at": "2025-09-11T11:16:41.775Z"}}, {"model": "main.street", "pk": 96, "fields": {"name": "Via Galilei", "area": 8, "created_at": "2025-09-11T11:16:41.781Z"}}, {"model": "main.street", "pk": 97, "fields": {"name": "Via Ponte Romano", "area": 8, "created_at": "2025-09-11T11:16:41.787Z"}}, {"model": "main.street", "pk": 98, "fields": {"name": "Via Alfieri tratto", "area": 8, "created_at": "2025-09-11T11:16:41.792Z"}}, {"model": "main.street", "pk": 99, "fields": {"name": "Via Cavour", "area": 8, "created_at": "2025-09-11T11:16:41.799Z"}}, {"model": "main.street", "pk": 100, "fields": {"name": "Vicolo Brin", "area": 8, "created_at": "2025-09-11T11:16:41.806Z"}}, {"model": "main.street", "pk": 101, "fields": {"name": "Via Rosmini", "area": 9, "created_at": "2025-09-11T11:16:41.829Z"}}, {"model": "main.street", "pk": 102, "fields": {"name": "Via Romagnosi", "area": 9, "created_at": "2025-09-11T11:16:41.833Z"}}, {"model": "main.street", "pk": 103, "fields": {"name": "Via Macchiavelli", "area": 9, "created_at": "2025-09-11T11:16:41.838Z"}}, {"model": "main.street", "pk": 104, "fields": {"name": "Via Battista Vico", "area": 9, "created_at": "2025-09-11T11:16:41.843Z"}}, {"model": "main.street", "pk": 105, "fields": {"name": "P.zza Garibaldi", "area": 11, "created_at": "2025-09-11T11:16:41.860Z"}}, {"model": "main.street", "pk": 106, "fields": {"name": "P.zza XX Settembre ????", "area": 11, "created_at": "2025-09-11T11:16:41.866Z"}}, {"model": "main.street", "pk": 107, "fields": {"name": "P.zza Colombo ?????", "area": 11, "created_at": "2025-09-11T11:16:41.870Z"}}, {"model": "main.street", "pk": 108, "fields": {"name": "P.zza della Consolata", "area": 11, "created_at": "2025-09-11T11:16:41.875Z"}}, {"model": "main.street", "pk": 109, "fields": {"name": "P.zza XX Settembre", "area": 11, "created_at": "2025-09-11T11:16:41.881Z"}}, {"model": "main.street", "pk": 110, "fields": {"name": "P.zza Colombo", "area": 11, "created_at": "2025-09-11T11:16:41.886Z"}}, {"model": "main.street", "pk": 111, "fields": {"name": "Via Fontana vecchia", "area": 12, "created_at": "2025-09-11T11:16:41.898Z"}}, {"model": "main.street", "pk": 112, "fields": {"name": "Via Bellini", "area": 12, "created_at": "2025-09-11T11:16:41.903Z"}}, {"model": "main.street", "pk": 113, "fields": {"name": "Via Guarino", "area": 12, "created_at": "2025-09-11T11:16:41.909Z"}}, {"model": "main.street", "pk": 114, "fields": {"name": "Via Stintino", "area": 12, "created_at": "2025-09-11T11:16:41.915Z"}}, {"model": "main.street", "pk": 115, "fields": {"name": "Via Mentana tratto lungo", "area": 12, "created_at": "2025-09-11T11:16:41.920Z"}}, {"model": "main.street", "pk": 116, "fields": {"name": "Via Turreni tratto lungo", "area": 12, "created_at": "2025-09-11T11:16:41.924Z"}}, {"model": "main.street", "pk": 117, "fields": {"name": "Via Leoncavallo", "area": 12, "created_at": "2025-09-11T11:16:41.930Z"}}, {"model": "main.street", "pk": 118, "fields": {"name": "Via Puccini", "area": 12, "created_at": "2025-09-11T11:16:41.935Z"}}, {"model": "main.street", "pk": 119, "fields": {"name": "Via Migheli", "area": 12, "created_at": "2025-09-11T11:16:41.942Z"}}, {"model": "main.street", "pk": 120, "fields": {"name": "Via Donizetti", "area": 12, "created_at": "2025-09-11T11:16:41.946Z"}}, {"model": "main.street", "pk": 121, "fields": {"name": "Via Mascagni", "area": 12, "created_at": "2025-09-11T11:16:41.951Z"}}, {"model": "main.street", "pk": 122, "fields": {"name": "Via Rossini", "area": 12, "created_at": "2025-09-11T11:16:41.956Z"}}, {"model": "main.street", "pk": 123, "fields": {"name": "Via Verdi", "area": 12, "created_at": "2025-09-11T11:16:41.959Z"}}, {"model": "main.street", "pk": 124, "fields": {"name": "Via Da Palestrina", "area": 12, "created_at": "2025-09-11T11:16:41.964Z"}}, {"model": "main.street", "pk": 125, "fields": {"name": "Via Canepa", "area": 12, "created_at": "2025-09-11T11:16:41.968Z"}}, {"model": "main.street", "pk": 126, "fields": {"name": "Via Porrino", "area": 12, "created_at": "2025-09-11T11:16:41.974Z"}}, {"model": "main.street", "pk": 127, "fields": {"name": "Via Manno", "area": 12, "created_at": "2025-09-11T11:16:41.979Z"}}, {"model": "main.street", "pk": 128, "fields": {"name": "Via Turreni tratto corto", "area": 12, "created_at": "2025-09-11T11:16:41.984Z"}}, {"model": "main.street", "pk": 129, "fields": {"name": "Via Mentana tratto corto", "area": 12, "created_at": "2025-09-11T11:16:41.991Z"}}, {"model": "main.street", "pk": 130, "fields": {"name": "Via Monte Angellu", "area": 12, "created_at": "2025-09-11T11:16:41.998Z"}}, {"model": "main.street", "pk": 131, "fields": {"name": "Via Mentana", "area": 12, "created_at": "2025-09-11T11:16:42.011Z"}}, {"model": "main.street", "pk": 132, "fields": {"name": "Via Turreni", "area": 12, "created_at": "2025-09-11T11:16:42.017Z"}}, {"model": "main.street", "pk": 133, "fields": {"name": "Via Indipendenza", "area": 12, "created_at": "2025-09-11T11:16:42.029Z"}}, {"model": "main.street", "pk": 134, "fields": {"name": "Via Barisone", "area": 12, "created_at": "2025-09-11T11:16:42.036Z"}}, {"model": "main.street", "pk": 135, "fields": {"name": "P.zza stazione", "area": 12, "created_at": "2025-09-11T11:16:42.041Z"}}, {"model": "main.street", "pk": 136, "fields": {"name": "Via Turreni tratto", "area": 12, "created_at": "2025-09-11T11:16:42.052Z"}}, {"model": "main.street", "pk": 137, "fields": {"name": "Via Barisone tratto", "area": 12, "created_at": "2025-09-11T11:16:42.060Z"}}, {"model": "main.street", "pk": 138, "fields": {"name": "Via Mentana tratto", "area": 12, "created_at": "2025-09-11T11:16:42.065Z"}}, {"model": "main.street", "pk": 139, "fields": {"name": "Via Stanis Dessy", "area": 13, "created_at": "2025-09-11T11:16:42.075Z"}}, {"model": "main.street", "pk": 140, "fields": {"name": "Via Manca", "area": 13, "created_at": "2025-09-11T11:16:42.080Z"}}, {"model": "main.street", "pk": 141, "fields": {"name": "Via Sironi", "area": 13, "created_at": "2025-09-11T11:16:42.085Z"}}, {"model": "main.street", "pk": 142, "fields": {"name": "Via Spada", "area": 13, "created_at": "2025-09-11T11:16:42.090Z"}}, {"model": "main.street", "pk": 143, "fields": {"name": "Via Spada trav", "area": 13, "created_at": "2025-09-11T11:16:42.094Z"}}, {"model": "main.street", "pk": 144, "fields": {"name": "Via Nervi", "area": 15, "created_at": "2025-09-11T11:16:42.116Z"}}, {"model": "main.street", "pk": 145, "fields": {"name": "Via Kennedy", "area": 15, "created_at": "2025-09-11T11:16:42.120Z"}}, {"model": "main.street", "pk": 146, "fields": {"name": "Via Pacinotti", "area": 15, "created_at": "2025-09-11T11:16:42.125Z"}}, {"model": "main.street", "pk": 147, "fields": {"name": "Via Principe di Piemonte tratto", "area": 15, "created_at": "2025-09-11T11:16:42.129Z"}}, {"model": "main.street", "pk": 148, "fields": {"name": "Via Sassari tratto", "area": 15, "created_at": "2025-09-11T11:16:42.134Z"}}, {"model": "main.street", "pk": 149, "fields": {"name": "Via Canova", "area": 16, "created_at": "2025-09-11T11:16:42.149Z"}}, {"model": "main.street", "pk": 150, "fields": {"name": "Via Cellini", "area": 16, "created_at": "2025-09-11T11:16:42.152Z"}}, {"model": "main.street", "pk": 151, "fields": {"name": "Via Donatello", "area": 16, "created_at": "2025-09-11T11:16:42.157Z"}}, {"model": "main.street", "pk": 152, "fields": {"name": "Via Brunelleschi", "area": 16, "created_at": "2025-09-11T11:16:42.162Z"}}, {"model": "main.street", "pk": 153, "fields": {"name": "Via Bramante", "area": 16, "created_at": "2025-09-11T11:16:42.167Z"}}, {"model": "main.street", "pk": 154, "fields": {"name": "Via Bernini", "area": 16, "created_at": "2025-09-11T11:16:42.171Z"}}, {"model": "main.street", "pk": 155, "fields": {"name": "Via Borromini", "area": 16, "created_at": "2025-09-11T11:16:42.177Z"}}, {"model": "main.street", "pk": 156, "fields": {"name": "Via Palladio", "area": 16, "created_at": "2025-09-11T11:16:42.182Z"}}, {"model": "main.street", "pk": 157, "fields": {"name": "Via dell'Erica", "area": 17, "created_at": "2025-09-11T11:16:42.199Z"}}, {"model": "main.street", "pk": 158, "fields": {"name": "Via del Cisto", "area": 17, "created_at": "2025-09-11T11:16:42.203Z"}}, {"model": "main.street", "pk": 159, "fields": {"name": "Via del Noce", "area": 17, "created_at": "2025-09-11T11:16:42.208Z"}}, {"model": "main.street", "pk": 160, "fields": {"name": "Via del Melo", "area": 17, "created_at": "2025-09-11T11:16:42.213Z"}}, {"model": "main.street", "pk": 161, "fields": {"name": "Via delle Ginestre", "area": 17, "created_at": "2025-09-11T11:16:42.220Z"}}, {"model": "main.street", "pk": 162, "fields": {"name": "Via del Pero", "area": 17, "created_at": "2025-09-11T11:16:42.224Z"}}, {"model": "main.street", "pk": 163, "fields": {"name": "Via del Lentischio", "area": 17, "created_at": "2025-09-11T11:16:42.229Z"}}, {"model": "main.street", "pk": 164, "fields": {"name": "Via delle Mimose", "area": 17, "created_at": "2025-09-11T11:16:42.234Z"}}, {"model": "main.street", "pk": 165, "fields": {"name": "Via dell'Asfodelo", "area": 17, "created_at": "2025-09-11T11:16:42.238Z"}}, {"model": "main.street", "pk": 166, "fields": {"name": "Via dell'Alloro", "area": 17, "created_at": "2025-09-11T11:16:42.242Z"}}, {"model": "main.street", "pk": 167, "fields": {"name": "Via del Mirto", "area": 17, "created_at": "2025-09-11T11:16:42.248Z"}}, {"model": "main.street", "pk": 168, "fields": {"name": "Via dei Ginepri", "area": 17, "created_at": "2025-09-11T11:16:42.254Z"}}, {"model": "main.street", "pk": 169, "fields": {"name": "Via Manzoni tratto", "area": 18, "created_at": "2025-09-11T11:16:42.273Z"}}, {"model": "main.street", "pk": 170, "fields": {"name": "Via Montale tratto", "area": 18, "created_at": "2025-09-11T11:16:42.278Z"}}, {"model": "main.street", "pk": 171, "fields": {"name": "Via Boccaccio", "area": 18, "created_at": "2025-09-11T11:16:42.284Z"}}, {"model": "main.street", "pk": 172, "fields": {"name": "Via Satta tratto (V. Alfieri/V. Balai)", "area": 18, "created_at": "2025-09-11T11:16:42.288Z"}}, {"model": "main.street", "pk": 173, "fields": {"name": "Via Volta", "area": 18, "created_at": "2025-09-11T11:16:42.294Z"}}, {"model": "main.street", "pk": 174, "fields": {"name": "Via Aretino", "area": 18, "created_at": "2025-09-11T11:16:42.299Z"}}, {"model": "main.street", "pk": 175, "fields": {"name": "Via D'Annunzio", "area": 18, "created_at": "2025-09-11T11:16:42.304Z"}}, {"model": "main.street", "pk": 176, "fields": {"name": "Via Pascoli", "area": 18, "created_at": "2025-09-11T11:16:42.308Z"}}, {"model": "main.street", "pk": 177, "fields": {"name": "Via Parini", "area": 18, "created_at": "2025-09-11T11:16:42.314Z"}}, {"model": "main.street", "pk": 178, "fields": {"name": "Via Pirandello", "area": 18, "created_at": "2025-09-11T11:16:42.318Z"}}, {"model": "main.street", "pk": 179, "fields": {"name": "Via Gramsci tratto", "area": 18, "created_at": "2025-09-11T11:16:42.322Z"}}, {"model": "main.street", "pk": 180, "fields": {"name": "Via Pratolini", "area": 18, "created_at": "2025-09-11T11:16:42.327Z"}}, {"model": "main.street", "pk": 181, "fields": {"name": "Via Gobetti", "area": 18, "created_at": "2025-09-11T11:16:42.332Z"}}, {"model": "main.street", "pk": 182, "fields": {"name": "Via Meucci", "area": 18, "created_at": "2025-09-11T11:16:42.337Z"}}, {"model": "main.street", "pk": 183, "fields": {"name": "Via Monti tratto", "area": 18, "created_at": "2025-09-11T11:16:42.343Z"}}, {"model": "main.street", "pk": 184, "fields": {"name": "Via Ungaretti", "area": 18, "created_at": "2025-09-11T11:16:42.349Z"}}, {"model": "main.street", "pk": 185, "fields": {"name": "Via Costa", "area": 18, "created_at": "2025-09-11T11:16:42.354Z"}}, {"model": "main.street", "pk": 186, "fields": {"name": "Via Satta tratto", "area": 18, "created_at": "2025-09-11T11:16:42.361Z"}}, {"model": "main.street", "pk": 187, "fields": {"name": "Farrizza", "area": 19, "created_at": "2025-09-11T11:16:42.394Z"}}, {"model": "main.street", "pk": 188, "fields": {"name": "Acque Dolci 2", "area": 19, "created_at": "2025-09-11T11:16:42.399Z"}}, {"model": "main.street", "pk": 189, "fields": {"name": "Acque Dolci 1", "area": 19, "created_at": "2025-09-11T11:16:42.405Z"}}, {"model": "main.street", "pk": 190, "fields": {"name": "Balai", "area": 19, "created_at": "2025-09-11T11:16:42.411Z"}}, {"model": "main.street", "pk": 191, "fields": {"name": "Abbacurrente", "area": 19, "created_at": "2025-09-11T11:16:42.417Z"}}, {"model": "main.street", "pk": 192, "fields": {"name": "Acque Dolci 3", "area": 19, "created_at": "2025-09-11T11:16:42.422Z"}}, {"model": "main.street", "pk": 193, "fields": {"name": "Via Toscana", "area": 20, "created_at": "2025-09-11T11:16:42.433Z"}}, {"model": "main.street", "pk": 194, "fields": {"name": "Via Liguria", "area": 20, "created_at": "2025-09-11T11:16:42.439Z"}}, {"model": "main.street", "pk": 195, "fields": {"name": "Via Piemonte", "area": 20, "created_at": "2025-09-11T11:16:42.444Z"}}, {"model": "main.street", "pk": 196, "fields": {"name": "Via Emilia", "area": 20, "created_at": "2025-09-11T11:16:42.449Z"}}, {"model": "main.street", "pk": 197, "fields": {"name": "Via Sardegna", "area": 20, "created_at": "2025-09-11T11:16:42.454Z"}}, {"model": "main.street", "pk": 198, "fields": {"name": "Via Marche", "area": 20, "created_at": "2025-09-11T11:16:42.458Z"}}, {"model": "main.street", "pk": 199, "fields": {"name": "Via Campania", "area": 20, "created_at": "2025-09-11T11:16:42.463Z"}}, {"model": "main.street", "pk": 200, "fields": {"name": "Via Umbria", "area": 20, "created_at": "2025-09-11T11:16:42.467Z"}}, {"model": "main.street", "pk": 201, "fields": {"name": "Via Veneto", "area": 20, "created_at": "2025-09-11T11:16:42.473Z"}}, {"model": "main.street", "pk": 202, "fields": {"name": "Via Lombardia", "area": 20, "created_at": "2025-09-11T11:16:42.478Z"}}, {"model": "main.street", "pk": 203, "fields": {"name": "P.zza Veneto", "area": 20, "created_at": "2025-09-11T11:16:42.486Z"}}, {"model": "main.street", "pk": 204, "fields": {"name": "P.zza Sardegna", "area": 20, "created_at": "2025-09-11T11:16:42.493Z"}}, {"model": "main.street", "pk": 205, "fields": {"name": "Via Calabria", "area": 20, "created_at": "2025-09-11T11:16:42.499Z"}}, {"model": "main.street", "pk": 206, "fields": {"name": "Via della Rinascita", "area": 21, "created_at": "2025-09-11T11:16:42.508Z"}}, {"model": "main.street", "pk": 207, "fields": {"name": "Via della Resistenza", "area": 21, "created_at": "2025-09-11T11:16:42.516Z"}}, {"model": "main.street", "pk": 208, "fields": {"name": "Via dell'Autonomia", "area": 21, "created_at": "2025-09-11T11:16:42.521Z"}}, {"model": "main.street", "pk": 209, "fields": {"name": "Via IV Novembre", "area": 21, "created_at": "2025-09-11T11:16:42.524Z"}}, {"model": "main.street", "pk": 210, "fields": {"name": "*** NON prevista", "area": 25, "created_at": "2025-09-11T11:16:42.549Z"}}, {"model": "main.street", "pk": 211, "fields": {"name": "CORSO VITTORIO EMANUELE", "area": 33, "created_at": "2025-09-11T11:28:30.516Z"}}, {"model": "main.street", "pk": 212, "fields": {"name": "PIAZZA GARIBALDI", "area": 33, "created_at": "2025-09-11T11:28:30.528Z"}}, {"model": "main.street", "pk": 213, "fields": {"name": "VIA GIORDANO BRUNO", "area": 33, "created_at": "2025-09-11T11:28:30.542Z"}}, {"model": "main.street", "pk": 214, "fields": {"name": "VIA LIBIO", "area": 33, "created_at": "2025-09-11T11:28:30.554Z"}}, {"model": "main.street", "pk": 215, "fields": {"name": "VIA PONTE ROMANO", "area": 33, "created_at": "2025-09-11T11:28:30.565Z"}}, {"model": "main.street", "pk": 216, "fields": {"name": "VIA AZUNI", "area": 33, "created_at": "2025-09-11T11:28:30.576Z"}}, {"model": "main.street", "pk": 217, "fields": {"name": "VIA PETRONIA", "area": 33, "created_at": "2025-09-11T11:28:30.592Z"}}, {"model": "main.street", "pk": 218, "fields": {"name": "VIA GALILEI", "area": 33, "created_at": "2025-09-11T11:28:30.604Z"}}, {"model": "main.street", "pk": 219, "fields": {"name": "VIA AMSICORA", "area": 33, "created_at": "2025-09-11T11:28:30.614Z"}}, {"model": "main.street", "pk": 220, "fields": {"name": "VIA ROMA", "area": 33, "created_at": "2025-09-11T11:28:30.630Z"}}, {"model": "main.street", "pk": 221, "fields": {"name": "VIA COLONIA ROMANA", "area": 33, "created_at": "2025-09-11T11:28:30.641Z"}}, {"model": "main.street", "pk": 222, "fields": {"name": "VIA MARE", "area": 33, "created_at": "2025-09-11T11:28:30.652Z"}}, {"model": "main.street", "pk": 223, "fields": {"name": "VIA ALFIERI", "area": 33, "created_at": "2025-09-11T11:28:30.664Z"}}, {"model": "main.street", "pk": 224, "fields": {"name": "VIA D ' ARBOREA", "area": 33, "created_at": "2025-09-11T11:28:30.678Z"}}, {"model": "main.street", "pk": 225, "fields": {"name": "VIA JOSTO", "area": 33, "created_at": "2025-09-11T11:28:30.689Z"}}, {"model": "main.street", "pk": 226, "fields": {"name": "VIA FOSCOLO", "area": 33, "created_at": "2025-09-11T11:28:30.701Z"}}, {"model": "main.street", "pk": 227, "fields": {"name": "VIA BIXIO", "area": 33, "created_at": "2025-09-11T11:28:30.714Z"}}, {"model": "main.street", "pk": 228, "fields": {"name": "P.ZZA MARCONI", "area": 33, "created_at": "2025-09-11T11:28:30.725Z"}}, {"model": "main.street", "pk": 229, "fields": {"name": "VIA ADELASIA", "area": 33, "created_at": "2025-09-11T11:28:30.737Z"}}, {"model": "main.street", "pk": 230, "fields": {"name": "VIA ANGIOY", "area": 33, "created_at": "2025-09-11T11:28:30.747Z"}}, {"model": "main.street", "pk": 231, "fields": {"name": "VIA CAVOUR", "area": 33, "created_at": "2025-09-11T11:28:30.759Z"}}, {"model": "main.street", "pk": 232, "fields": {"name": "VIA TRENTO VIA TRIESTE", "area": 33, "created_at": "2025-09-11T11:28:30.770Z"}}, {"model": "main.street", "pk": 233, "fields": {"name": "VIA DELLE TERME", "area": 33, "created_at": "2025-09-11T11:28:30.781Z"}}, {"model": "main.street", "pk": 234, "fields": {"name": "AREA  SAGRA DEL TONNO", "area": 33, "created_at": "2025-09-11T11:28:30.793Z"}}, {"model": "main.street", "pk": 235, "fields": {"name": "VIA MANNO", "area": 34, "created_at": "2025-09-11T11:28:30.842Z"}}, {"model": "main.street", "pk": 236, "fields": {"name": "VIA SASSARI", "area": 34, "created_at": "2025-09-11T11:28:30.848Z"}}, {"model": "main.street", "pk": 237, "fields": {"name": "VIA ROMAGNOSI", "area": 34, "created_at": "2025-09-11T11:28:30.861Z"}}, {"model": "main.street", "pk": 238, "fields": {"name": "VIA MACCHIAVELLI", "area": 34, "created_at": "2025-09-11T11:28:30.872Z"}}, {"model": "main.street", "pk": 239, "fields": {"name": "VIA BACONE", "area": 34, "created_at": "2025-09-11T11:28:30.884Z"}}, {"model": "main.street", "pk": 240, "fields": {"name": "VIALE DELLA LIBERTA'", "area": 34, "created_at": "2025-09-11T11:28:30.896Z"}}, {"model": "main.street", "pk": 241, "fields": {"name": "VIA ANTONELLI", "area": 34, "created_at": "2025-09-11T11:28:30.906Z"}}, {"model": "main.street", "pk": 242, "fields": {"name": "VIA DA VINCI", "area": 34, "created_at": "2025-09-11T11:28:30.919Z"}}, {"model": "main.street", "pk": 243, "fields": {"name": "VIA CARAVAGGIO", "area": 34, "created_at": "2025-09-11T11:28:30.929Z"}}, {"model": "main.street", "pk": 244, "fields": {"name": "VIA RUM", "area": 34, "created_at": "2025-09-11T11:28:30.934Z"}}, {"model": "main.street", "pk": 245, "fields": {"name": "VIA SANZIO", "area": 34, "created_at": "2025-09-11T11:28:30.940Z"}}, {"model": "main.street", "pk": 246, "fields": {"name": "VIA FATTORI", "area": 34, "created_at": "2025-09-11T11:28:30.945Z"}}, {"model": "main.street", "pk": 247, "fields": {"name": "Spazzatrice Stradale   EH246PM", "area": 34, "created_at": "2025-09-11T11:28:30.951Z"}}, {"model": "main.street", "pk": 248, "fields": {"name": "Idropulitrice  GJ598ET", "area": 35, "created_at": "2025-09-11T11:28:30.983Z"}}, {"model": "main.streetcleaningoperation", "pk": 1, "fields": {"street": 3, "operation_type": 1, "day_of_month": null, "month": null, "year": null, "created_at": "2025-09-11T11:23:37.053Z"}}, {"model": "main.streetcleaningoperation", "pk": 2, "fields": {"street": 5, "operation_type": 1, "day_of_month": null, "month": null, "year": null, "created_at": "2025-09-11T11:23:37.062Z"}}, {"model": "main.streetcleaningoperation", "pk": 3, "fields": {"street": 1, "operation_type": 1, "day_of_month": null, "month": null, "year": null, "created_at": "2025-09-11T11:23:37.068Z"}}, {"model": "main.streetcleaningoperation", "pk": 4, "fields": {"street": 2, "operation_type": 1, "day_of_month": null, "month": null, "year": null, "created_at": "2025-09-11T11:23:37.073Z"}}, {"model": "main.streetcleaningoperation", "pk": 5, "fields": {"street": 6, "operation_type": 1, "day_of_month": null, "month": null, "year": null, "created_at": "2025-09-11T11:23:37.088Z"}}, {"model": "main.streetcleaningoperation", "pk": 6, "fields": {"street": 4, "operation_type": 1, "day_of_month": null, "month": null, "year": null, "created_at": "2025-09-11T11:23:37.094Z"}}, {"model": "main.streetcleaningoperation", "pk": 7, "fields": {"street": 8, "operation_type": 1, "day_of_month": null, "month": null, "year": null, "created_at": "2025-09-11T11:23:37.101Z"}}, {"model": "main.streetcleaningoperation", "pk": 8, "fields": {"street": 7, "operation_type": 1, "day_of_month": null, "month": null, "year": null, "created_at": "2025-09-11T11:23:37.112Z"}}, {"model": "main.streetcleaningoperation", "pk": 9, "fields": {"street": 12, "operation_type": 1, "day_of_month": null, "month": null, "year": null, "created_at": "2025-09-11T11:23:37.135Z"}}, {"model": "main.streetcleaningoperation", "pk": 10, "fields": {"street": 11, "operation_type": 1, "day_of_month": null, "month": null, "year": null, "created_at": "2025-09-11T11:23:37.141Z"}}, {"model": "main.streetcleaningoperation", "pk": 11, "fields": {"street": 16, "operation_type": 1, "day_of_month": null, "month": null, "year": null, "created_at": "2025-09-11T11:23:37.158Z"}}, {"model": "main.streetcleaningoperation", "pk": 12, "fields": {"street": 13, "operation_type": 1, "day_of_month": null, "month": null, "year": null, "created_at": "2025-09-11T11:23:37.164Z"}}, {"model": "main.streetcleaningoperation", "pk": 13, "fields": {"street": 15, "operation_type": 1, "day_of_month": null, "month": null, "year": null, "created_at": "2025-09-11T11:23:37.169Z"}}, {"model": "main.streetcleaningoperation", "pk": 14, "fields": {"street": 14, "operation_type": 1, "day_of_month": null, "month": null, "year": null, "created_at": "2025-09-11T11:23:37.175Z"}}, {"model": "main.streetcleaningoperation", "pk": 15, "fields": {"street": 10, "operation_type": 1, "day_of_month": null, "month": null, "year": null, "created_at": "2025-09-11T11:23:37.180Z"}}, {"model": "main.streetcleaningoperation", "pk": 16, "fields": {"street": 17, "operation_type": 1, "day_of_month": null, "month": null, "year": null, "created_at": "2025-09-11T11:23:37.186Z"}}, {"model": "main.streetcleaningoperation", "pk": 17, "fields": {"street": 9, "operation_type": 1, "day_of_month": null, "month": null, "year": null, "created_at": "2025-09-11T11:23:37.200Z"}}, {"model": "main.streetcleaningoperation", "pk": 18, "fields": {"street": 18, "operation_type": 1, "day_of_month": null, "month": null, "year": null, "created_at": "2025-09-11T11:23:37.225Z"}}, {"model": "main.streetcleaningoperation", "pk": 19, "fields": {"street": 21, "operation_type": 1, "day_of_month": null, "month": null, "year": null, "created_at": "2025-09-11T11:23:37.231Z"}}, {"model": "main.streetcleaningoperation", "pk": 20, "fields": {"street": 20, "operation_type": 1, "day_of_month": null, "month": null, "year": null, "created_at": "2025-09-11T11:23:37.238Z"}}, {"model": "main.streetcleaningoperation", "pk": 21, "fields": {"street": 22, "operation_type": 1, "day_of_month": null, "month": null, "year": null, "created_at": "2025-09-11T11:23:37.244Z"}}, {"model": "main.streetcleaningoperation", "pk": 22, "fields": {"street": 23, "operation_type": 1, "day_of_month": null, "month": null, "year": null, "created_at": "2025-09-11T11:23:37.249Z"}}, {"model": "main.streetcleaningoperation", "pk": 23, "fields": {"street": 19, "operation_type": 1, "day_of_month": null, "month": null, "year": null, "created_at": "2025-09-11T11:23:37.264Z"}}, {"model": "main.streetcleaningoperation", "pk": 24, "fields": {"street": 24, "operation_type": 1, "day_of_month": null, "month": null, "year": null, "created_at": "2025-09-11T11:23:37.270Z"}}, {"model": "main.streetcleaningoperation", "pk": 25, "fields": {"street": 26, "operation_type": 1, "day_of_month": null, "month": null, "year": null, "created_at": "2025-09-11T11:23:37.274Z"}}, {"model": "main.streetcleaningoperation", "pk": 26, "fields": {"street": 25, "operation_type": 1, "day_of_month": null, "month": null, "year": null, "created_at": "2025-09-11T11:23:37.281Z"}}, {"model": "main.streetcleaningoperation", "pk": 27, "fields": {"street": 28, "operation_type": 1, "day_of_month": null, "month": null, "year": null, "created_at": "2025-09-11T11:23:37.296Z"}}, {"model": "main.streetcleaningoperation", "pk": 28, "fields": {"street": 33, "operation_type": 1, "day_of_month": null, "month": null, "year": null, "created_at": "2025-09-11T11:23:37.302Z"}}, {"model": "main.streetcleaningoperation", "pk": 29, "fields": {"street": 27, "operation_type": 1, "day_of_month": null, "month": null, "year": null, "created_at": "2025-09-11T11:23:37.307Z"}}, {"model": "main.streetcleaningoperation", "pk": 30, "fields": {"street": 32, "operation_type": 1, "day_of_month": null, "month": null, "year": null, "created_at": "2025-09-11T11:23:37.322Z"}}, {"model": "main.streetcleaningoperation", "pk": 31, "fields": {"street": 29, "operation_type": 1, "day_of_month": null, "month": null, "year": null, "created_at": "2025-09-11T11:23:37.327Z"}}, {"model": "main.streetcleaningoperation", "pk": 32, "fields": {"street": 30, "operation_type": 1, "day_of_month": null, "month": null, "year": null, "created_at": "2025-09-11T11:23:37.332Z"}}, {"model": "main.streetcleaningoperation", "pk": 33, "fields": {"street": 31, "operation_type": 1, "day_of_month": null, "month": null, "year": null, "created_at": "2025-09-11T11:23:37.338Z"}}, {"model": "main.streetcleaningoperation", "pk": 34, "fields": {"street": 34, "operation_type": 1, "day_of_month": null, "month": null, "year": null, "created_at": "2025-09-11T11:23:37.353Z"}}, {"model": "main.streetcleaningoperation", "pk": 35, "fields": {"street": 40, "operation_type": 1, "day_of_month": null, "month": null, "year": null, "created_at": "2025-09-11T11:23:37.361Z"}}, {"model": "main.streetcleaningoperation", "pk": 36, "fields": {"street": 38, "operation_type": 1, "day_of_month": null, "month": null, "year": null, "created_at": "2025-09-11T11:23:37.365Z"}}, {"model": "main.streetcleaningoperation", "pk": 37, "fields": {"street": 35, "operation_type": 1, "day_of_month": null, "month": null, "year": null, "created_at": "2025-09-11T11:23:37.378Z"}}, {"model": "main.streetcleaningoperation", "pk": 38, "fields": {"street": 36, "operation_type": 1, "day_of_month": null, "month": null, "year": null, "created_at": "2025-09-11T11:23:37.384Z"}}, {"model": "main.streetcleaningoperation", "pk": 39, "fields": {"street": 43, "operation_type": 1, "day_of_month": null, "month": null, "year": null, "created_at": "2025-09-11T11:23:37.391Z"}}, {"model": "main.streetcleaningoperation", "pk": 40, "fields": {"street": 37, "operation_type": 1, "day_of_month": null, "month": null, "year": null, "created_at": "2025-09-11T11:23:37.396Z"}}, {"model": "main.streetcleaningoperation", "pk": 41, "fields": {"street": 41, "operation_type": 1, "day_of_month": null, "month": null, "year": null, "created_at": "2025-09-11T11:23:37.400Z"}}, {"model": "main.streetcleaningoperation", "pk": 42, "fields": {"street": 39, "operation_type": 1, "day_of_month": null, "month": null, "year": null, "created_at": "2025-09-11T11:23:37.405Z"}}, {"model": "main.streetcleaningoperation", "pk": 43, "fields": {"street": 42, "operation_type": 1, "day_of_month": null, "month": null, "year": null, "created_at": "2025-09-11T11:23:37.410Z"}}, {"model": "main.streetcleaningoperation", "pk": 44, "fields": {"street": 44, "operation_type": 1, "day_of_month": null, "month": null, "year": null, "created_at": "2025-09-11T11:23:37.428Z"}}, {"model": "main.streetcleaningoperation", "pk": 45, "fields": {"street": 48, "operation_type": 1, "day_of_month": null, "month": null, "year": null, "created_at": "2025-09-11T11:23:37.443Z"}}, {"model": "main.streetcleaningoperation", "pk": 46, "fields": {"street": 46, "operation_type": 1, "day_of_month": null, "month": null, "year": null, "created_at": "2025-09-11T11:23:37.451Z"}}, {"model": "main.streetcleaningoperation", "pk": 47, "fields": {"street": 47, "operation_type": 1, "day_of_month": null, "month": null, "year": null, "created_at": "2025-09-11T11:23:37.456Z"}}, {"model": "main.streetcleaningoperation", "pk": 48, "fields": {"street": 45, "operation_type": 1, "day_of_month": null, "month": null, "year": null, "created_at": "2025-09-11T11:23:37.461Z"}}, {"model": "main.streetcleaningoperation", "pk": 49, "fields": {"street": 49, "operation_type": 1, "day_of_month": null, "month": null, "year": null, "created_at": "2025-09-11T11:23:37.467Z"}}, {"model": "main.streetcleaningoperation", "pk": 50, "fields": {"street": 51, "operation_type": 1, "day_of_month": null, "month": null, "year": null, "created_at": "2025-09-11T11:23:37.472Z"}}, {"model": "main.streetcleaningoperation", "pk": 51, "fields": {"street": 50, "operation_type": 1, "day_of_month": null, "month": null, "year": null, "created_at": "2025-09-11T11:23:37.487Z"}}, {"model": "main.streetcleaningoperation", "pk": 52, "fields": {"street": 53, "operation_type": 1, "day_of_month": null, "month": null, "year": null, "created_at": "2025-09-11T11:23:37.493Z"}}, {"model": "main.streetcleaningoperation", "pk": 53, "fields": {"street": 52, "operation_type": 1, "day_of_month": null, "month": null, "year": null, "created_at": "2025-09-11T11:23:37.498Z"}}, {"model": "main.streetcleaningoperation", "pk": 54, "fields": {"street": 54, "operation_type": 1, "day_of_month": null, "month": null, "year": null, "created_at": "2025-09-11T11:23:37.502Z"}}, {"model": "main.streetcleaningoperation", "pk": 55, "fields": {"street": 59, "operation_type": 1, "day_of_month": null, "month": null, "year": null, "created_at": "2025-09-11T11:23:37.507Z"}}, {"model": "main.streetcleaningoperation", "pk": 56, "fields": {"street": 56, "operation_type": 1, "day_of_month": null, "month": null, "year": null, "created_at": "2025-09-11T11:23:37.512Z"}}, {"model": "main.streetcleaningoperation", "pk": 57, "fields": {"street": 57, "operation_type": 1, "day_of_month": null, "month": null, "year": null, "created_at": "2025-09-11T11:23:37.517Z"}}, {"model": "main.streetcleaningoperation", "pk": 58, "fields": {"street": 61, "operation_type": 1, "day_of_month": null, "month": null, "year": null, "created_at": "2025-09-11T11:23:37.532Z"}}, {"model": "main.streetcleaningoperation", "pk": 59, "fields": {"street": 63, "operation_type": 1, "day_of_month": null, "month": null, "year": null, "created_at": "2025-09-11T11:23:37.538Z"}}, {"model": "main.streetcleaningoperation", "pk": 60, "fields": {"street": 60, "operation_type": 1, "day_of_month": null, "month": null, "year": null, "created_at": "2025-09-11T11:23:37.543Z"}}, {"model": "main.streetcleaningoperation", "pk": 61, "fields": {"street": 55, "operation_type": 1, "day_of_month": null, "month": null, "year": null, "created_at": "2025-09-11T11:23:37.547Z"}}, {"model": "main.streetcleaningoperation", "pk": 62, "fields": {"street": 58, "operation_type": 1, "day_of_month": null, "month": null, "year": null, "created_at": "2025-09-11T11:23:37.553Z"}}, {"model": "main.streetcleaningoperation", "pk": 63, "fields": {"street": 64, "operation_type": 1, "day_of_month": null, "month": null, "year": null, "created_at": "2025-09-11T11:23:37.558Z"}}, {"model": "main.streetcleaningoperation", "pk": 64, "fields": {"street": 62, "operation_type": 1, "day_of_month": null, "month": null, "year": null, "created_at": "2025-09-11T11:23:37.571Z"}}, {"model": "main.streetcleaningoperation", "pk": 65, "fields": {"street": 67, "operation_type": 3, "day_of_month": null, "month": null, "year": null, "created_at": "2025-09-11T11:23:37.580Z"}}, {"model": "main.streetcleaningoperation", "pk": 66, "fields": {"street": 79, "operation_type": 3, "day_of_month": null, "month": null, "year": null, "created_at": "2025-09-11T11:23:37.586Z"}}, {"model": "main.streetcleaningoperation", "pk": 67, "fields": {"street": 78, "operation_type": 3, "day_of_month": null, "month": null, "year": null, "created_at": "2025-09-11T11:23:37.590Z"}}, {"model": "main.streetcleaningoperation", "pk": 68, "fields": {"street": 74, "operation_type": 3, "day_of_month": null, "month": null, "year": null, "created_at": "2025-09-11T11:23:37.595Z"}}, {"model": "main.streetcleaningoperation", "pk": 69, "fields": {"street": 73, "operation_type": 3, "day_of_month": null, "month": null, "year": null, "created_at": "2025-09-11T11:23:37.600Z"}}, {"model": "main.streetcleaningoperation", "pk": 70, "fields": {"street": 70, "operation_type": 3, "day_of_month": null, "month": null, "year": null, "created_at": "2025-09-11T11:23:37.605Z"}}, {"model": "main.streetcleaningoperation", "pk": 71, "fields": {"street": 69, "operation_type": 3, "day_of_month": null, "month": null, "year": null, "created_at": "2025-09-11T11:23:37.617Z"}}, {"model": "main.streetcleaningoperation", "pk": 72, "fields": {"street": 51, "operation_type": 3, "day_of_month": null, "month": null, "year": null, "created_at": "2025-09-11T11:23:37.623Z"}}, {"model": "main.streetcleaningoperation", "pk": 73, "fields": {"street": 57, "operation_type": 3, "day_of_month": null, "month": null, "year": null, "created_at": "2025-09-11T11:23:37.627Z"}}, {"model": "main.streetcleaningoperation", "pk": 74, "fields": {"street": 72, "operation_type": 3, "day_of_month": null, "month": null, "year": null, "created_at": "2025-09-11T11:23:37.632Z"}}, {"model": "main.streetcleaningoperation", "pk": 75, "fields": {"street": 63, "operation_type": 3, "day_of_month": null, "month": null, "year": null, "created_at": "2025-09-11T11:23:37.638Z"}}, {"model": "main.streetcleaningoperation", "pk": 76, "fields": {"street": 50, "operation_type": 3, "day_of_month": null, "month": null, "year": null, "created_at": "2025-09-11T11:23:37.644Z"}}, {"model": "main.streetcleaningoperation", "pk": 77, "fields": {"street": 44, "operation_type": 3, "day_of_month": null, "month": null, "year": null, "created_at": "2025-09-11T11:23:37.650Z"}}, {"model": "main.streetcleaningoperation", "pk": 78, "fields": {"street": 48, "operation_type": 3, "day_of_month": null, "month": null, "year": null, "created_at": "2025-09-11T11:23:37.662Z"}}, {"model": "main.streetcleaningoperation", "pk": 79, "fields": {"street": 60, "operation_type": 3, "day_of_month": null, "month": null, "year": null, "created_at": "2025-09-11T11:23:37.669Z"}}, {"model": "main.streetcleaningoperation", "pk": 80, "fields": {"street": 71, "operation_type": 3, "day_of_month": null, "month": null, "year": null, "created_at": "2025-09-11T11:23:37.676Z"}}, {"model": "main.streetcleaningoperation", "pk": 81, "fields": {"street": 58, "operation_type": 3, "day_of_month": null, "month": null, "year": null, "created_at": "2025-09-11T11:23:37.681Z"}}, {"model": "main.streetcleaningoperation", "pk": 82, "fields": {"street": 80, "operation_type": 3, "day_of_month": null, "month": null, "year": null, "created_at": "2025-09-11T11:23:37.686Z"}}, {"model": "main.streetcleaningoperation", "pk": 83, "fields": {"street": 46, "operation_type": 3, "day_of_month": null, "month": null, "year": null, "created_at": "2025-09-11T11:23:37.691Z"}}, {"model": "main.streetcleaningoperation", "pk": 84, "fields": {"street": 65, "operation_type": 3, "day_of_month": null, "month": null, "year": null, "created_at": "2025-09-11T11:23:37.697Z"}}, {"model": "main.streetcleaningoperation", "pk": 85, "fields": {"street": 76, "operation_type": 3, "day_of_month": null, "month": null, "year": null, "created_at": "2025-09-11T11:23:37.702Z"}}, {"model": "main.streetcleaningoperation", "pk": 86, "fields": {"street": 77, "operation_type": 3, "day_of_month": null, "month": null, "year": null, "created_at": "2025-09-11T11:23:37.716Z"}}, {"model": "main.streetcleaningoperation", "pk": 87, "fields": {"street": 66, "operation_type": 3, "day_of_month": null, "month": null, "year": null, "created_at": "2025-09-11T11:23:37.722Z"}}, {"model": "main.streetcleaningoperation", "pk": 88, "fields": {"street": 75, "operation_type": 3, "day_of_month": null, "month": null, "year": null, "created_at": "2025-09-11T11:23:37.727Z"}}, {"model": "main.streetcleaningoperation", "pk": 89, "fields": {"street": 68, "operation_type": 3, "day_of_month": null, "month": null, "year": null, "created_at": "2025-09-11T11:23:37.731Z"}}, {"model": "main.streetcleaningoperation", "pk": 90, "fields": {"street": 79, "operation_type": 1, "day_of_month": null, "month": null, "year": null, "created_at": "2025-09-11T11:23:37.736Z"}}, {"model": "main.streetcleaningoperation", "pk": 91, "fields": {"street": 78, "operation_type": 1, "day_of_month": null, "month": null, "year": null, "created_at": "2025-09-11T11:23:37.742Z"}}, {"model": "main.streetcleaningoperation", "pk": 92, "fields": {"street": 74, "operation_type": 1, "day_of_month": null, "month": null, "year": null, "created_at": "2025-09-11T11:23:37.747Z"}}, {"model": "main.streetcleaningoperation", "pk": 93, "fields": {"street": 73, "operation_type": 1, "day_of_month": null, "month": null, "year": null, "created_at": "2025-09-11T11:23:37.760Z"}}, {"model": "main.streetcleaningoperation", "pk": 94, "fields": {"street": 70, "operation_type": 1, "day_of_month": null, "month": null, "year": null, "created_at": "2025-09-11T11:23:37.766Z"}}, {"model": "main.streetcleaningoperation", "pk": 95, "fields": {"street": 81, "operation_type": 1, "day_of_month": null, "month": null, "year": null, "created_at": "2025-09-11T11:23:37.770Z"}}, {"model": "main.streetcleaningoperation", "pk": 96, "fields": {"street": 72, "operation_type": 1, "day_of_month": null, "month": null, "year": null, "created_at": "2025-09-11T11:23:37.776Z"}}, {"model": "main.streetcleaningoperation", "pk": 97, "fields": {"street": 82, "operation_type": 1, "day_of_month": null, "month": null, "year": null, "created_at": "2025-09-11T11:23:37.784Z"}}, {"model": "main.streetcleaningoperation", "pk": 98, "fields": {"street": 80, "operation_type": 1, "day_of_month": null, "month": null, "year": null, "created_at": "2025-09-11T11:23:37.790Z"}}, {"model": "main.streetcleaningoperation", "pk": 99, "fields": {"street": 65, "operation_type": 1, "day_of_month": null, "month": null, "year": null, "created_at": "2025-09-11T11:23:37.797Z"}}, {"model": "main.streetcleaningoperation", "pk": 100, "fields": {"street": 76, "operation_type": 1, "day_of_month": null, "month": null, "year": null, "created_at": "2025-09-11T11:23:37.811Z"}}, {"model": "main.streetcleaningoperation", "pk": 101, "fields": {"street": 77, "operation_type": 1, "day_of_month": null, "month": null, "year": null, "created_at": "2025-09-11T11:23:37.816Z"}}, {"model": "main.streetcleaningoperation", "pk": 102, "fields": {"street": 66, "operation_type": 1, "day_of_month": null, "month": null, "year": null, "created_at": "2025-09-11T11:23:37.822Z"}}, {"model": "main.streetcleaningoperation", "pk": 103, "fields": {"street": 75, "operation_type": 1, "day_of_month": null, "month": null, "year": null, "created_at": "2025-09-11T11:23:37.827Z"}}, {"model": "main.streetcleaningoperation", "pk": 104, "fields": {"street": 68, "operation_type": 1, "day_of_month": null, "month": null, "year": null, "created_at": "2025-09-11T11:23:37.834Z"}}, {"model": "main.streetcleaningoperation", "pk": 105, "fields": {"street": 89, "operation_type": 1, "day_of_month": null, "month": null, "year": null, "created_at": "2025-09-11T11:23:37.852Z"}}, {"model": "main.streetcleaningoperation", "pk": 106, "fields": {"street": 85, "operation_type": 1, "day_of_month": null, "month": null, "year": null, "created_at": "2025-09-11T11:23:37.858Z"}}, {"model": "main.streetcleaningoperation", "pk": 107, "fields": {"street": 90, "operation_type": 1, "day_of_month": null, "month": null, "year": null, "created_at": "2025-09-11T11:23:37.863Z"}}, {"model": "main.streetcleaningoperation", "pk": 108, "fields": {"street": 83, "operation_type": 1, "day_of_month": null, "month": null, "year": null, "created_at": "2025-09-11T11:23:37.868Z"}}, {"model": "main.streetcleaningoperation", "pk": 109, "fields": {"street": 87, "operation_type": 1, "day_of_month": null, "month": null, "year": null, "created_at": "2025-09-11T11:23:37.872Z"}}, {"model": "main.streetcleaningoperation", "pk": 110, "fields": {"street": 86, "operation_type": 1, "day_of_month": null, "month": null, "year": null, "created_at": "2025-09-11T11:23:37.878Z"}}, {"model": "main.streetcleaningoperation", "pk": 111, "fields": {"street": 91, "operation_type": 1, "day_of_month": null, "month": null, "year": null, "created_at": "2025-09-11T11:23:37.883Z"}}, {"model": "main.streetcleaningoperation", "pk": 112, "fields": {"street": 84, "operation_type": 1, "day_of_month": null, "month": null, "year": null, "created_at": "2025-09-11T11:23:37.897Z"}}, {"model": "main.streetcleaningoperation", "pk": 113, "fields": {"street": 88, "operation_type": 1, "day_of_month": null, "month": null, "year": null, "created_at": "2025-09-11T11:23:37.901Z"}}, {"model": "main.streetcleaningoperation", "pk": 114, "fields": {"street": 98, "operation_type": 1, "day_of_month": null, "month": null, "year": null, "created_at": "2025-09-11T11:23:37.907Z"}}, {"model": "main.streetcleaningoperation", "pk": 115, "fields": {"street": 95, "operation_type": 1, "day_of_month": null, "month": null, "year": null, "created_at": "2025-09-11T11:23:37.912Z"}}, {"model": "main.streetcleaningoperation", "pk": 116, "fields": {"street": 92, "operation_type": 1, "day_of_month": null, "month": null, "year": null, "created_at": "2025-09-11T11:23:37.918Z"}}, {"model": "main.streetcleaningoperation", "pk": 117, "fields": {"street": 99, "operation_type": 1, "day_of_month": null, "month": null, "year": null, "created_at": "2025-09-11T11:23:37.922Z"}}, {"model": "main.streetcleaningoperation", "pk": 118, "fields": {"street": 96, "operation_type": 1, "day_of_month": null, "month": null, "year": null, "created_at": "2025-09-11T11:23:37.940Z"}}, {"model": "main.streetcleaningoperation", "pk": 119, "fields": {"street": 94, "operation_type": 1, "day_of_month": null, "month": null, "year": null, "created_at": "2025-09-11T11:23:37.946Z"}}, {"model": "main.streetcleaningoperation", "pk": 120, "fields": {"street": 97, "operation_type": 1, "day_of_month": null, "month": null, "year": null, "created_at": "2025-09-11T11:23:37.953Z"}}, {"model": "main.streetcleaningoperation", "pk": 121, "fields": {"street": 93, "operation_type": 1, "day_of_month": null, "month": null, "year": null, "created_at": "2025-09-11T11:23:37.960Z"}}, {"model": "main.streetcleaningoperation", "pk": 122, "fields": {"street": 100, "operation_type": 1, "day_of_month": null, "month": null, "year": null, "created_at": "2025-09-11T11:23:37.973Z"}}, {"model": "main.streetcleaningoperation", "pk": 123, "fields": {"street": 101, "operation_type": 1, "day_of_month": null, "month": null, "year": null, "created_at": "2025-09-11T11:23:37.999Z"}}, {"model": "main.streetcleaningoperation", "pk": 124, "fields": {"street": 102, "operation_type": 1, "day_of_month": null, "month": null, "year": null, "created_at": "2025-09-11T11:23:38.007Z"}}, {"model": "main.streetcleaningoperation", "pk": 125, "fields": {"street": 104, "operation_type": 1, "day_of_month": null, "month": null, "year": null, "created_at": "2025-09-11T11:23:38.011Z"}}, {"model": "main.streetcleaningoperation", "pk": 126, "fields": {"street": 103, "operation_type": 1, "day_of_month": null, "month": null, "year": null, "created_at": "2025-09-11T11:23:38.017Z"}}, {"model": "main.streetcleaningoperation", "pk": 127, "fields": {"street": 105, "operation_type": 1, "day_of_month": null, "month": null, "year": null, "created_at": "2025-09-11T11:23:38.030Z"}}, {"model": "main.streetcleaningoperation", "pk": 128, "fields": {"street": 108, "operation_type": 1, "day_of_month": null, "month": null, "year": null, "created_at": "2025-09-11T11:23:38.035Z"}}, {"model": "main.streetcleaningoperation", "pk": 129, "fields": {"street": 107, "operation_type": 1, "day_of_month": null, "month": null, "year": null, "created_at": "2025-09-11T11:23:38.040Z"}}, {"model": "main.streetcleaningoperation", "pk": 130, "fields": {"street": 106, "operation_type": 1, "day_of_month": null, "month": null, "year": null, "created_at": "2025-09-11T11:23:38.045Z"}}, {"model": "main.streetcleaningoperation", "pk": 131, "fields": {"street": 110, "operation_type": 1, "day_of_month": null, "month": null, "year": null, "created_at": "2025-09-11T11:23:38.051Z"}}, {"model": "main.streetcleaningoperation", "pk": 132, "fields": {"street": 109, "operation_type": 1, "day_of_month": null, "month": null, "year": null, "created_at": "2025-09-11T11:23:38.056Z"}}, {"model": "main.streetcleaningoperation", "pk": 133, "fields": {"street": 112, "operation_type": 1, "day_of_month": null, "month": null, "year": null, "created_at": "2025-09-11T11:23:38.062Z"}}, {"model": "main.streetcleaningoperation", "pk": 134, "fields": {"street": 125, "operation_type": 1, "day_of_month": null, "month": null, "year": null, "created_at": "2025-09-11T11:23:38.075Z"}}, {"model": "main.streetcleaningoperation", "pk": 135, "fields": {"street": 124, "operation_type": 1, "day_of_month": null, "month": null, "year": null, "created_at": "2025-09-11T11:23:38.081Z"}}, {"model": "main.streetcleaningoperation", "pk": 136, "fields": {"street": 120, "operation_type": 1, "day_of_month": null, "month": null, "year": null, "created_at": "2025-09-11T11:23:38.086Z"}}, {"model": "main.streetcleaningoperation", "pk": 137, "fields": {"street": 111, "operation_type": 1, "day_of_month": null, "month": null, "year": null, "created_at": "2025-09-11T11:23:38.091Z"}}, {"model": "main.streetcleaningoperation", "pk": 138, "fields": {"street": 113, "operation_type": 1, "day_of_month": null, "month": null, "year": null, "created_at": "2025-09-11T11:23:38.096Z"}}, {"model": "main.streetcleaningoperation", "pk": 139, "fields": {"street": 117, "operation_type": 1, "day_of_month": null, "month": null, "year": null, "created_at": "2025-09-11T11:23:38.100Z"}}, {"model": "main.streetcleaningoperation", "pk": 140, "fields": {"street": 121, "operation_type": 1, "day_of_month": null, "month": null, "year": null, "created_at": "2025-09-11T11:23:38.106Z"}}, {"model": "main.streetcleaningoperation", "pk": 141, "fields": {"street": 115, "operation_type": 1, "day_of_month": null, "month": null, "year": null, "created_at": "2025-09-11T11:23:38.119Z"}}, {"model": "main.streetcleaningoperation", "pk": 142, "fields": {"street": 119, "operation_type": 1, "day_of_month": null, "month": null, "year": null, "created_at": "2025-09-11T11:23:38.125Z"}}, {"model": "main.streetcleaningoperation", "pk": 143, "fields": {"street": 126, "operation_type": 1, "day_of_month": null, "month": null, "year": null, "created_at": "2025-09-11T11:23:38.129Z"}}, {"model": "main.streetcleaningoperation", "pk": 144, "fields": {"street": 118, "operation_type": 1, "day_of_month": null, "month": null, "year": null, "created_at": "2025-09-11T11:23:38.135Z"}}, {"model": "main.streetcleaningoperation", "pk": 145, "fields": {"street": 122, "operation_type": 1, "day_of_month": null, "month": null, "year": null, "created_at": "2025-09-11T11:23:38.139Z"}}, {"model": "main.streetcleaningoperation", "pk": 146, "fields": {"street": 114, "operation_type": 1, "day_of_month": null, "month": null, "year": null, "created_at": "2025-09-11T11:23:38.144Z"}}, {"model": "main.streetcleaningoperation", "pk": 147, "fields": {"street": 116, "operation_type": 1, "day_of_month": null, "month": null, "year": null, "created_at": "2025-09-11T11:23:38.149Z"}}, {"model": "main.streetcleaningoperation", "pk": 148, "fields": {"street": 123, "operation_type": 1, "day_of_month": null, "month": null, "year": null, "created_at": "2025-09-11T11:23:38.161Z"}}, {"model": "main.streetcleaningoperation", "pk": 149, "fields": {"street": 127, "operation_type": 1, "day_of_month": null, "month": null, "year": null, "created_at": "2025-09-11T11:23:38.167Z"}}, {"model": "main.streetcleaningoperation", "pk": 150, "fields": {"street": 129, "operation_type": 1, "day_of_month": null, "month": null, "year": null, "created_at": "2025-09-11T11:23:38.173Z"}}, {"model": "main.streetcleaningoperation", "pk": 151, "fields": {"street": 130, "operation_type": 1, "day_of_month": null, "month": null, "year": null, "created_at": "2025-09-11T11:23:38.177Z"}}, {"model": "main.streetcleaningoperation", "pk": 152, "fields": {"street": 128, "operation_type": 1, "day_of_month": null, "month": null, "year": null, "created_at": "2025-09-11T11:23:38.183Z"}}, {"model": "main.streetcleaningoperation", "pk": 153, "fields": {"street": 135, "operation_type": 1, "day_of_month": null, "month": null, "year": null, "created_at": "2025-09-11T11:23:38.188Z"}}, {"model": "main.streetcleaningoperation", "pk": 154, "fields": {"street": 134, "operation_type": 1, "day_of_month": null, "month": null, "year": null, "created_at": "2025-09-11T11:23:38.193Z"}}, {"model": "main.streetcleaningoperation", "pk": 155, "fields": {"street": 133, "operation_type": 1, "day_of_month": null, "month": null, "year": null, "created_at": "2025-09-11T11:23:38.203Z"}}, {"model": "main.streetcleaningoperation", "pk": 156, "fields": {"street": 131, "operation_type": 1, "day_of_month": null, "month": null, "year": null, "created_at": "2025-09-11T11:23:38.218Z"}}, {"model": "main.streetcleaningoperation", "pk": 157, "fields": {"street": 132, "operation_type": 1, "day_of_month": null, "month": null, "year": null, "created_at": "2025-09-11T11:23:38.229Z"}}, {"model": "main.streetcleaningoperation", "pk": 158, "fields": {"street": 137, "operation_type": 1, "day_of_month": null, "month": null, "year": null, "created_at": "2025-09-11T11:23:38.237Z"}}, {"model": "main.streetcleaningoperation", "pk": 159, "fields": {"street": 138, "operation_type": 1, "day_of_month": null, "month": null, "year": null, "created_at": "2025-09-11T11:23:38.249Z"}}, {"model": "main.streetcleaningoperation", "pk": 160, "fields": {"street": 136, "operation_type": 1, "day_of_month": null, "month": null, "year": null, "created_at": "2025-09-11T11:23:38.261Z"}}, {"model": "main.streetcleaningoperation", "pk": 161, "fields": {"street": 140, "operation_type": 1, "day_of_month": null, "month": null, "year": null, "created_at": "2025-09-11T11:23:38.270Z"}}, {"model": "main.streetcleaningoperation", "pk": 162, "fields": {"street": 141, "operation_type": 1, "day_of_month": null, "month": null, "year": null, "created_at": "2025-09-11T11:23:38.282Z"}}, {"model": "main.streetcleaningoperation", "pk": 163, "fields": {"street": 142, "operation_type": 1, "day_of_month": null, "month": null, "year": null, "created_at": "2025-09-11T11:23:38.288Z"}}, {"model": "main.streetcleaningoperation", "pk": 164, "fields": {"street": 143, "operation_type": 1, "day_of_month": null, "month": null, "year": null, "created_at": "2025-09-11T11:23:38.293Z"}}, {"model": "main.streetcleaningoperation", "pk": 165, "fields": {"street": 139, "operation_type": 1, "day_of_month": null, "month": null, "year": null, "created_at": "2025-09-11T11:23:38.298Z"}}, {"model": "main.streetcleaningoperation", "pk": 166, "fields": {"street": 145, "operation_type": 1, "day_of_month": null, "month": null, "year": null, "created_at": "2025-09-11T11:23:38.313Z"}}, {"model": "main.streetcleaningoperation", "pk": 167, "fields": {"street": 144, "operation_type": 1, "day_of_month": null, "month": null, "year": null, "created_at": "2025-09-11T11:23:38.321Z"}}, {"model": "main.streetcleaningoperation", "pk": 168, "fields": {"street": 146, "operation_type": 1, "day_of_month": null, "month": null, "year": null, "created_at": "2025-09-11T11:23:38.335Z"}}, {"model": "main.streetcleaningoperation", "pk": 169, "fields": {"street": 147, "operation_type": 1, "day_of_month": null, "month": null, "year": null, "created_at": "2025-09-11T11:23:38.342Z"}}, {"model": "main.streetcleaningoperation", "pk": 170, "fields": {"street": 148, "operation_type": 1, "day_of_month": null, "month": null, "year": null, "created_at": "2025-09-11T11:23:38.349Z"}}, {"model": "main.streetcleaningoperation", "pk": 171, "fields": {"street": 154, "operation_type": 1, "day_of_month": null, "month": null, "year": null, "created_at": "2025-09-11T11:23:38.362Z"}}, {"model": "main.streetcleaningoperation", "pk": 172, "fields": {"street": 155, "operation_type": 1, "day_of_month": null, "month": null, "year": null, "created_at": "2025-09-11T11:23:38.370Z"}}, {"model": "main.streetcleaningoperation", "pk": 173, "fields": {"street": 153, "operation_type": 1, "day_of_month": null, "month": null, "year": null, "created_at": "2025-09-11T11:23:38.383Z"}}, {"model": "main.streetcleaningoperation", "pk": 174, "fields": {"street": 152, "operation_type": 1, "day_of_month": null, "month": null, "year": null, "created_at": "2025-09-11T11:23:38.390Z"}}, {"model": "main.streetcleaningoperation", "pk": 175, "fields": {"street": 149, "operation_type": 1, "day_of_month": null, "month": null, "year": null, "created_at": "2025-09-11T11:23:38.395Z"}}, {"model": "main.streetcleaningoperation", "pk": 176, "fields": {"street": 150, "operation_type": 1, "day_of_month": null, "month": null, "year": null, "created_at": "2025-09-11T11:23:38.402Z"}}, {"model": "main.streetcleaningoperation", "pk": 177, "fields": {"street": 151, "operation_type": 1, "day_of_month": null, "month": null, "year": null, "created_at": "2025-09-11T11:23:38.406Z"}}, {"model": "main.streetcleaningoperation", "pk": 178, "fields": {"street": 156, "operation_type": 1, "day_of_month": null, "month": null, "year": null, "created_at": "2025-09-11T11:23:38.412Z"}}, {"model": "main.streetcleaningoperation", "pk": 179, "fields": {"street": 168, "operation_type": 1, "day_of_month": null, "month": null, "year": null, "created_at": "2025-09-11T11:23:38.435Z"}}, {"model": "main.streetcleaningoperation", "pk": 180, "fields": {"street": 158, "operation_type": 1, "day_of_month": null, "month": null, "year": null, "created_at": "2025-09-11T11:23:38.442Z"}}, {"model": "main.streetcleaningoperation", "pk": 181, "fields": {"street": 163, "operation_type": 1, "day_of_month": null, "month": null, "year": null, "created_at": "2025-09-11T11:23:38.449Z"}}, {"model": "main.streetcleaningoperation", "pk": 182, "fields": {"street": 160, "operation_type": 1, "day_of_month": null, "month": null, "year": null, "created_at": "2025-09-11T11:23:38.454Z"}}, {"model": "main.streetcleaningoperation", "pk": 183, "fields": {"street": 167, "operation_type": 1, "day_of_month": null, "month": null, "year": null, "created_at": "2025-09-11T11:23:38.460Z"}}, {"model": "main.streetcleaningoperation", "pk": 184, "fields": {"street": 159, "operation_type": 1, "day_of_month": null, "month": null, "year": null, "created_at": "2025-09-11T11:23:38.466Z"}}, {"model": "main.streetcleaningoperation", "pk": 185, "fields": {"street": 162, "operation_type": 1, "day_of_month": null, "month": null, "year": null, "created_at": "2025-09-11T11:23:38.479Z"}}, {"model": "main.streetcleaningoperation", "pk": 186, "fields": {"street": 166, "operation_type": 1, "day_of_month": null, "month": null, "year": null, "created_at": "2025-09-11T11:23:38.486Z"}}, {"model": "main.streetcleaningoperation", "pk": 187, "fields": {"street": 165, "operation_type": 1, "day_of_month": null, "month": null, "year": null, "created_at": "2025-09-11T11:23:38.491Z"}}, {"model": "main.streetcleaningoperation", "pk": 188, "fields": {"street": 161, "operation_type": 1, "day_of_month": null, "month": null, "year": null, "created_at": "2025-09-11T11:23:38.496Z"}}, {"model": "main.streetcleaningoperation", "pk": 189, "fields": {"street": 164, "operation_type": 1, "day_of_month": null, "month": null, "year": null, "created_at": "2025-09-11T11:23:38.500Z"}}, {"model": "main.streetcleaningoperation", "pk": 190, "fields": {"street": 157, "operation_type": 1, "day_of_month": null, "month": null, "year": null, "created_at": "2025-09-11T11:23:38.506Z"}}, {"model": "main.streetcleaningoperation", "pk": 191, "fields": {"street": 174, "operation_type": 1, "day_of_month": null, "month": null, "year": null, "created_at": "2025-09-11T11:23:38.540Z"}}, {"model": "main.streetcleaningoperation", "pk": 192, "fields": {"street": 171, "operation_type": 1, "day_of_month": null, "month": null, "year": null, "created_at": "2025-09-11T11:23:38.547Z"}}, {"model": "main.streetcleaningoperation", "pk": 193, "fields": {"street": 185, "operation_type": 1, "day_of_month": null, "month": null, "year": null, "created_at": "2025-09-11T11:23:38.553Z"}}, {"model": "main.streetcleaningoperation", "pk": 194, "fields": {"street": 175, "operation_type": 1, "day_of_month": null, "month": null, "year": null, "created_at": "2025-09-11T11:23:38.558Z"}}, {"model": "main.streetcleaningoperation", "pk": 195, "fields": {"street": 181, "operation_type": 1, "day_of_month": null, "month": null, "year": null, "created_at": "2025-09-11T11:23:38.563Z"}}, {"model": "main.streetcleaningoperation", "pk": 196, "fields": {"street": 179, "operation_type": 1, "day_of_month": null, "month": null, "year": null, "created_at": "2025-09-11T11:23:38.570Z"}}, {"model": "main.streetcleaningoperation", "pk": 197, "fields": {"street": 169, "operation_type": 1, "day_of_month": null, "month": null, "year": null, "created_at": "2025-09-11T11:23:38.589Z"}}, {"model": "main.streetcleaningoperation", "pk": 198, "fields": {"street": 182, "operation_type": 1, "day_of_month": null, "month": null, "year": null, "created_at": "2025-09-11T11:23:38.595Z"}}, {"model": "main.streetcleaningoperation", "pk": 199, "fields": {"street": 170, "operation_type": 1, "day_of_month": null, "month": null, "year": null, "created_at": "2025-09-11T11:23:38.602Z"}}, {"model": "main.streetcleaningoperation", "pk": 200, "fields": {"street": 183, "operation_type": 1, "day_of_month": null, "month": null, "year": null, "created_at": "2025-09-11T11:23:38.617Z"}}, {"model": "main.streetcleaningoperation", "pk": 201, "fields": {"street": 177, "operation_type": 1, "day_of_month": null, "month": null, "year": null, "created_at": "2025-09-11T11:23:38.625Z"}}, {"model": "main.streetcleaningoperation", "pk": 202, "fields": {"street": 176, "operation_type": 1, "day_of_month": null, "month": null, "year": null, "created_at": "2025-09-11T11:23:38.641Z"}}, {"model": "main.streetcleaningoperation", "pk": 203, "fields": {"street": 178, "operation_type": 1, "day_of_month": null, "month": null, "year": null, "created_at": "2025-09-11T11:23:38.647Z"}}, {"model": "main.streetcleaningoperation", "pk": 204, "fields": {"street": 180, "operation_type": 1, "day_of_month": null, "month": null, "year": null, "created_at": "2025-09-11T11:23:38.653Z"}}, {"model": "main.streetcleaningoperation", "pk": 205, "fields": {"street": 172, "operation_type": 1, "day_of_month": null, "month": null, "year": null, "created_at": "2025-09-11T11:23:38.659Z"}}, {"model": "main.streetcleaningoperation", "pk": 206, "fields": {"street": 184, "operation_type": 1, "day_of_month": null, "month": null, "year": null, "created_at": "2025-09-11T11:23:38.665Z"}}, {"model": "main.streetcleaningoperation", "pk": 207, "fields": {"street": 173, "operation_type": 1, "day_of_month": null, "month": null, "year": null, "created_at": "2025-09-11T11:23:38.671Z"}}, {"model": "main.streetcleaningoperation", "pk": 208, "fields": {"street": 186, "operation_type": 1, "day_of_month": null, "month": null, "year": null, "created_at": "2025-09-11T11:23:38.695Z"}}, {"model": "main.streetcleaningoperation", "pk": 209, "fields": {"street": 189, "operation_type": 1, "day_of_month": null, "month": null, "year": null, "created_at": "2025-09-11T11:23:38.716Z"}}, {"model": "main.streetcleaningoperation", "pk": 210, "fields": {"street": 188, "operation_type": 1, "day_of_month": null, "month": null, "year": null, "created_at": "2025-09-11T11:23:38.723Z"}}, {"model": "main.streetcleaningoperation", "pk": 211, "fields": {"street": 192, "operation_type": 1, "day_of_month": null, "month": null, "year": null, "created_at": "2025-09-11T11:23:38.730Z"}}, {"model": "main.streetcleaningoperation", "pk": 212, "fields": {"street": 190, "operation_type": 1, "day_of_month": null, "month": null, "year": null, "created_at": "2025-09-11T11:23:38.737Z"}}, {"model": "main.streetcleaningoperation", "pk": 213, "fields": {"street": 187, "operation_type": 1, "day_of_month": null, "month": null, "year": null, "created_at": "2025-09-11T11:23:38.750Z"}}, {"model": "main.streetcleaningoperation", "pk": 214, "fields": {"street": 191, "operation_type": 1, "day_of_month": null, "month": null, "year": null, "created_at": "2025-09-11T11:23:38.755Z"}}, {"model": "main.streetcleaningoperation", "pk": 215, "fields": {"street": 199, "operation_type": 1, "day_of_month": null, "month": null, "year": null, "created_at": "2025-09-11T11:23:38.761Z"}}, {"model": "main.streetcleaningoperation", "pk": 216, "fields": {"street": 196, "operation_type": 1, "day_of_month": null, "month": null, "year": null, "created_at": "2025-09-11T11:23:38.766Z"}}, {"model": "main.streetcleaningoperation", "pk": 217, "fields": {"street": 194, "operation_type": 1, "day_of_month": null, "month": null, "year": null, "created_at": "2025-09-11T11:23:38.772Z"}}, {"model": "main.streetcleaningoperation", "pk": 218, "fields": {"street": 202, "operation_type": 1, "day_of_month": null, "month": null, "year": null, "created_at": "2025-09-11T11:23:38.777Z"}}, {"model": "main.streetcleaningoperation", "pk": 219, "fields": {"street": 198, "operation_type": 1, "day_of_month": null, "month": null, "year": null, "created_at": "2025-09-11T11:23:38.791Z"}}, {"model": "main.streetcleaningoperation", "pk": 220, "fields": {"street": 195, "operation_type": 1, "day_of_month": null, "month": null, "year": null, "created_at": "2025-09-11T11:23:38.796Z"}}, {"model": "main.streetcleaningoperation", "pk": 221, "fields": {"street": 197, "operation_type": 1, "day_of_month": null, "month": null, "year": null, "created_at": "2025-09-11T11:23:38.803Z"}}, {"model": "main.streetcleaningoperation", "pk": 222, "fields": {"street": 193, "operation_type": 1, "day_of_month": null, "month": null, "year": null, "created_at": "2025-09-11T11:23:38.807Z"}}, {"model": "main.streetcleaningoperation", "pk": 223, "fields": {"street": 200, "operation_type": 1, "day_of_month": null, "month": null, "year": null, "created_at": "2025-09-11T11:23:38.812Z"}}, {"model": "main.streetcleaningoperation", "pk": 224, "fields": {"street": 201, "operation_type": 1, "day_of_month": null, "month": null, "year": null, "created_at": "2025-09-11T11:23:38.828Z"}}, {"model": "main.streetcleaningoperation", "pk": 225, "fields": {"street": 204, "operation_type": 1, "day_of_month": null, "month": null, "year": null, "created_at": "2025-09-11T11:23:38.841Z"}}, {"model": "main.streetcleaningoperation", "pk": 226, "fields": {"street": 203, "operation_type": 1, "day_of_month": null, "month": null, "year": null, "created_at": "2025-09-11T11:23:38.848Z"}}, {"model": "main.streetcleaningoperation", "pk": 227, "fields": {"street": 205, "operation_type": 1, "day_of_month": null, "month": null, "year": null, "created_at": "2025-09-11T11:23:38.853Z"}}, {"model": "main.streetcleaningoperation", "pk": 228, "fields": {"street": 207, "operation_type": 1, "day_of_month": null, "month": null, "year": null, "created_at": "2025-09-11T11:23:38.867Z"}}, {"model": "main.streetcleaningoperation", "pk": 229, "fields": {"street": 206, "operation_type": 1, "day_of_month": null, "month": null, "year": null, "created_at": "2025-09-11T11:23:38.873Z"}}, {"model": "main.streetcleaningoperation", "pk": 230, "fields": {"street": 208, "operation_type": 1, "day_of_month": null, "month": null, "year": null, "created_at": "2025-09-11T11:23:38.886Z"}}, {"model": "main.streetcleaningoperation", "pk": 231, "fields": {"street": 209, "operation_type": 1, "day_of_month": null, "month": null, "year": null, "created_at": "2025-09-11T11:23:38.891Z"}}, {"model": "main.streetcleaningoperation", "pk": 232, "fields": {"street": 210, "operation_type": 1, "day_of_month": null, "month": null, "year": null, "created_at": "2025-09-11T11:23:38.910Z"}}, {"model": "main.workorder", "pk": 1, "fields": {"street": 211, "cleaning_machine": 1, "daily_passages": 1, "date": "2025-07-28", "created_by": 1, "created_at": "2025-09-11T11:28:30.523Z", "updated_at": "2025-09-11T11:28:30.523Z"}}, {"model": "main.workorder", "pk": 2, "fields": {"street": 212, "cleaning_machine": 1, "daily_passages": 1, "date": "2025-07-28", "created_by": 1, "created_at": "2025-09-11T11:28:30.536Z", "updated_at": "2025-09-11T11:28:30.536Z"}}, {"model": "main.workorder", "pk": 3, "fields": {"street": 213, "cleaning_machine": 1, "daily_passages": 1, "date": "2025-07-28", "created_by": 1, "created_at": "2025-09-11T11:28:30.548Z", "updated_at": "2025-09-11T11:28:30.548Z"}}, {"model": "main.workorder", "pk": 4, "fields": {"street": 214, "cleaning_machine": 1, "daily_passages": 1, "date": "2025-07-28", "created_by": 1, "created_at": "2025-09-11T11:28:30.560Z", "updated_at": "2025-09-11T11:28:30.560Z"}}, {"model": "main.workorder", "pk": 5, "fields": {"street": 215, "cleaning_machine": 1, "daily_passages": 1, "date": "2025-07-28", "created_by": 1, "created_at": "2025-09-11T11:28:30.571Z", "updated_at": "2025-09-11T11:28:30.571Z"}}, {"model": "main.workorder", "pk": 6, "fields": {"street": 216, "cleaning_machine": 1, "daily_passages": 1, "date": "2025-07-28", "created_by": 1, "created_at": "2025-09-11T11:28:30.583Z", "updated_at": "2025-09-11T11:28:30.583Z"}}, {"model": "main.workorder", "pk": 7, "fields": {"street": 217, "cleaning_machine": 1, "daily_passages": 1, "date": "2025-07-28", "created_by": 1, "created_at": "2025-09-11T11:28:30.598Z", "updated_at": "2025-09-11T11:28:30.598Z"}}, {"model": "main.workorder", "pk": 8, "fields": {"street": 218, "cleaning_machine": 1, "daily_passages": 1, "date": "2025-07-28", "created_by": 1, "created_at": "2025-09-11T11:28:30.609Z", "updated_at": "2025-09-11T11:28:30.609Z"}}, {"model": "main.workorder", "pk": 9, "fields": {"street": 219, "cleaning_machine": 1, "daily_passages": 1, "date": "2025-07-28", "created_by": 1, "created_at": "2025-09-11T11:28:30.621Z", "updated_at": "2025-09-11T11:28:30.621Z"}}, {"model": "main.workorder", "pk": 10, "fields": {"street": 220, "cleaning_machine": 1, "daily_passages": 1, "date": "2025-07-28", "created_by": 1, "created_at": "2025-09-11T11:28:30.636Z", "updated_at": "2025-09-11T11:28:30.636Z"}}, {"model": "main.workorder", "pk": 11, "fields": {"street": 221, "cleaning_machine": 1, "daily_passages": 1, "date": "2025-07-28", "created_by": 1, "created_at": "2025-09-11T11:28:30.647Z", "updated_at": "2025-09-11T11:28:30.647Z"}}, {"model": "main.workorder", "pk": 12, "fields": {"street": 222, "cleaning_machine": 1, "daily_passages": 1, "date": "2025-07-28", "created_by": 1, "created_at": "2025-09-11T11:28:30.658Z", "updated_at": "2025-09-11T11:28:30.658Z"}}, {"model": "main.workorder", "pk": 13, "fields": {"street": 223, "cleaning_machine": 1, "daily_passages": 1, "date": "2025-07-28", "created_by": 1, "created_at": "2025-09-11T11:28:30.673Z", "updated_at": "2025-09-11T11:28:30.673Z"}}, {"model": "main.workorder", "pk": 14, "fields": {"street": 224, "cleaning_machine": 1, "daily_passages": 1, "date": "2025-07-28", "created_by": 1, "created_at": "2025-09-11T11:28:30.684Z", "updated_at": "2025-09-11T11:28:30.684Z"}}, {"model": "main.workorder", "pk": 15, "fields": {"street": 225, "cleaning_machine": 1, "daily_passages": 1, "date": "2025-07-28", "created_by": 1, "created_at": "2025-09-11T11:28:30.696Z", "updated_at": "2025-09-11T11:28:30.696Z"}}, {"model": "main.workorder", "pk": 16, "fields": {"street": 226, "cleaning_machine": 1, "daily_passages": 1, "date": "2025-07-28", "created_by": 1, "created_at": "2025-09-11T11:28:30.707Z", "updated_at": "2025-09-11T11:28:30.707Z"}}, {"model": "main.workorder", "pk": 17, "fields": {"street": 227, "cleaning_machine": 1, "daily_passages": 1, "date": "2025-07-28", "created_by": 1, "created_at": "2025-09-11T11:28:30.720Z", "updated_at": "2025-09-11T11:28:30.720Z"}}, {"model": "main.workorder", "pk": 18, "fields": {"street": 228, "cleaning_machine": 1, "daily_passages": 1, "date": "2025-07-28", "created_by": 1, "created_at": "2025-09-11T11:28:30.732Z", "updated_at": "2025-09-11T11:28:30.732Z"}}, {"model": "main.workorder", "pk": 19, "fields": {"street": 229, "cleaning_machine": 1, "daily_passages": 1, "date": "2025-07-28", "created_by": 1, "created_at": "2025-09-11T11:28:30.742Z", "updated_at": "2025-09-11T11:28:30.742Z"}}, {"model": "main.workorder", "pk": 20, "fields": {"street": 230, "cleaning_machine": 1, "daily_passages": 1, "date": "2025-07-28", "created_by": 1, "created_at": "2025-09-11T11:28:30.755Z", "updated_at": "2025-09-11T11:28:30.755Z"}}, {"model": "main.workorder", "pk": 21, "fields": {"street": 231, "cleaning_machine": 1, "daily_passages": 1, "date": "2025-07-28", "created_by": 1, "created_at": "2025-09-11T11:28:30.766Z", "updated_at": "2025-09-11T11:28:30.766Z"}}, {"model": "main.workorder", "pk": 22, "fields": {"street": 232, "cleaning_machine": 1, "daily_passages": 1, "date": "2025-07-28", "created_by": 1, "created_at": "2025-09-11T11:28:30.776Z", "updated_at": "2025-09-11T11:28:30.776Z"}}, {"model": "main.workorder", "pk": 23, "fields": {"street": 233, "cleaning_machine": 1, "daily_passages": 1, "date": "2025-07-28", "created_by": 1, "created_at": "2025-09-11T11:28:30.786Z", "updated_at": "2025-09-11T11:28:30.786Z"}}, {"model": "main.workorder", "pk": 24, "fields": {"street": 234, "cleaning_machine": 1, "daily_passages": 1, "date": "2025-07-28", "created_by": 1, "created_at": "2025-09-11T11:28:30.799Z", "updated_at": "2025-09-11T11:28:30.799Z"}}, {"model": "main.workorder", "pk": 25, "fields": {"street": 236, "cleaning_machine": 2, "daily_passages": 2, "date": "2025-07-28", "created_by": 1, "created_at": "2025-09-11T11:28:30.854Z", "updated_at": "2025-09-11T11:29:28.819Z"}}, {"model": "main.workorder", "pk": 26, "fields": {"street": 237, "cleaning_machine": 2, "daily_passages": 2, "date": "2025-07-28", "created_by": 1, "created_at": "2025-09-11T11:28:30.866Z", "updated_at": "2025-09-11T11:29:28.828Z"}}, {"model": "main.workorder", "pk": 27, "fields": {"street": 238, "cleaning_machine": 2, "daily_passages": 2, "date": "2025-07-28", "created_by": 1, "created_at": "2025-09-11T11:28:30.878Z", "updated_at": "2025-09-11T11:29:28.834Z"}}, {"model": "main.workorder", "pk": 28, "fields": {"street": 239, "cleaning_machine": 2, "daily_passages": 2, "date": "2025-07-28", "created_by": 1, "created_at": "2025-09-11T11:28:30.889Z", "updated_at": "2025-09-11T11:29:28.842Z"}}, {"model": "main.workorder", "pk": 29, "fields": {"street": 240, "cleaning_machine": 2, "daily_passages": 2, "date": "2025-07-28", "created_by": 1, "created_at": "2025-09-11T11:28:30.901Z", "updated_at": "2025-09-11T11:29:28.846Z"}}, {"model": "main.workorder", "pk": 30, "fields": {"street": 241, "cleaning_machine": 2, "daily_passages": 2, "date": "2025-07-28", "created_by": 1, "created_at": "2025-09-11T11:28:30.911Z", "updated_at": "2025-09-11T11:29:28.852Z"}}, {"model": "main.workorder", "pk": 31, "fields": {"street": 242, "cleaning_machine": 2, "daily_passages": 2, "date": "2025-07-28", "created_by": 1, "created_at": "2025-09-11T11:28:30.924Z", "updated_at": "2025-09-11T11:29:28.860Z"}}, {"model": "main.workorder", "pk": 32, "fields": {"street": 211, "cleaning_machine": 1, "daily_passages": 1, "date": "2025-09-11", "created_by": 1, "created_at": "2025-09-11T11:29:28.637Z", "updated_at": "2025-09-11T11:29:28.637Z"}}, {"model": "main.workorder", "pk": 33, "fields": {"street": 212, "cleaning_machine": 1, "daily_passages": 1, "date": "2025-09-11", "created_by": 1, "created_at": "2025-09-11T11:29:28.648Z", "updated_at": "2025-09-11T11:29:28.648Z"}}, {"model": "main.workorder", "pk": 34, "fields": {"street": 213, "cleaning_machine": 1, "daily_passages": 1, "date": "2025-09-11", "created_by": 1, "created_at": "2025-09-11T11:29:28.656Z", "updated_at": "2025-09-11T11:29:28.656Z"}}, {"model": "main.workorder", "pk": 35, "fields": {"street": 214, "cleaning_machine": 1, "daily_passages": 1, "date": "2025-09-11", "created_by": 1, "created_at": "2025-09-11T11:29:28.663Z", "updated_at": "2025-09-11T11:29:28.663Z"}}, {"model": "main.workorder", "pk": 36, "fields": {"street": 215, "cleaning_machine": 1, "daily_passages": 1, "date": "2025-09-11", "created_by": 1, "created_at": "2025-09-11T11:29:28.669Z", "updated_at": "2025-09-11T11:29:28.669Z"}}, {"model": "main.workorder", "pk": 37, "fields": {"street": 216, "cleaning_machine": 1, "daily_passages": 1, "date": "2025-09-11", "created_by": 1, "created_at": "2025-09-11T11:29:28.674Z", "updated_at": "2025-09-11T11:29:28.674Z"}}, {"model": "main.workorder", "pk": 38, "fields": {"street": 217, "cleaning_machine": 1, "daily_passages": 1, "date": "2025-09-11", "created_by": 1, "created_at": "2025-09-11T11:29:28.680Z", "updated_at": "2025-09-11T11:29:28.680Z"}}, {"model": "main.workorder", "pk": 39, "fields": {"street": 218, "cleaning_machine": 1, "daily_passages": 1, "date": "2025-09-11", "created_by": 1, "created_at": "2025-09-11T11:29:28.685Z", "updated_at": "2025-09-11T11:29:28.685Z"}}, {"model": "main.workorder", "pk": 40, "fields": {"street": 219, "cleaning_machine": 1, "daily_passages": 1, "date": "2025-09-11", "created_by": 1, "created_at": "2025-09-11T11:29:28.692Z", "updated_at": "2025-09-11T11:29:28.692Z"}}, {"model": "main.workorder", "pk": 41, "fields": {"street": 220, "cleaning_machine": 1, "daily_passages": 1, "date": "2025-09-11", "created_by": 1, "created_at": "2025-09-11T11:29:28.697Z", "updated_at": "2025-09-11T11:29:28.697Z"}}, {"model": "main.workorder", "pk": 42, "fields": {"street": 221, "cleaning_machine": 1, "daily_passages": 1, "date": "2025-09-11", "created_by": 1, "created_at": "2025-09-11T11:29:28.705Z", "updated_at": "2025-09-11T11:29:28.705Z"}}, {"model": "main.workorder", "pk": 43, "fields": {"street": 222, "cleaning_machine": 1, "daily_passages": 1, "date": "2025-09-11", "created_by": 1, "created_at": "2025-09-11T11:29:28.712Z", "updated_at": "2025-09-11T11:29:28.712Z"}}, {"model": "main.workorder", "pk": 44, "fields": {"street": 223, "cleaning_machine": 1, "daily_passages": 1, "date": "2025-09-11", "created_by": 1, "created_at": "2025-09-11T11:29:28.717Z", "updated_at": "2025-09-11T11:29:28.717Z"}}, {"model": "main.workorder", "pk": 45, "fields": {"street": 224, "cleaning_machine": 1, "daily_passages": 1, "date": "2025-09-11", "created_by": 1, "created_at": "2025-09-11T11:29:28.722Z", "updated_at": "2025-09-11T11:29:28.722Z"}}, {"model": "main.workorder", "pk": 46, "fields": {"street": 225, "cleaning_machine": 1, "daily_passages": 1, "date": "2025-09-11", "created_by": 1, "created_at": "2025-09-11T11:29:28.730Z", "updated_at": "2025-09-11T11:29:28.730Z"}}, {"model": "main.workorder", "pk": 47, "fields": {"street": 226, "cleaning_machine": 1, "daily_passages": 1, "date": "2025-09-11", "created_by": 1, "created_at": "2025-09-11T11:29:28.737Z", "updated_at": "2025-09-11T11:29:28.737Z"}}, {"model": "main.workorder", "pk": 48, "fields": {"street": 227, "cleaning_machine": 1, "daily_passages": 1, "date": "2025-09-11", "created_by": 1, "created_at": "2025-09-11T11:29:28.743Z", "updated_at": "2025-09-11T11:29:28.743Z"}}, {"model": "main.workorder", "pk": 49, "fields": {"street": 228, "cleaning_machine": 1, "daily_passages": 1, "date": "2025-09-11", "created_by": 1, "created_at": "2025-09-11T11:29:28.750Z", "updated_at": "2025-09-11T11:29:28.750Z"}}, {"model": "main.workorder", "pk": 50, "fields": {"street": 229, "cleaning_machine": 1, "daily_passages": 1, "date": "2025-09-11", "created_by": 1, "created_at": "2025-09-11T11:29:28.756Z", "updated_at": "2025-09-11T11:29:28.756Z"}}, {"model": "main.workorder", "pk": 51, "fields": {"street": 230, "cleaning_machine": 1, "daily_passages": 1, "date": "2025-09-11", "created_by": 1, "created_at": "2025-09-11T11:29:28.763Z", "updated_at": "2025-09-11T11:29:28.763Z"}}, {"model": "main.workorder", "pk": 52, "fields": {"street": 231, "cleaning_machine": 1, "daily_passages": 1, "date": "2025-09-11", "created_by": 1, "created_at": "2025-09-11T11:29:28.770Z", "updated_at": "2025-09-11T11:29:28.770Z"}}, {"model": "main.workorder", "pk": 53, "fields": {"street": 232, "cleaning_machine": 1, "daily_passages": 1, "date": "2025-09-11", "created_by": 1, "created_at": "2025-09-11T11:29:28.777Z", "updated_at": "2025-09-11T11:29:28.777Z"}}, {"model": "main.workorder", "pk": 54, "fields": {"street": 233, "cleaning_machine": 1, "daily_passages": 1, "date": "2025-09-11", "created_by": 1, "created_at": "2025-09-11T11:29:28.784Z", "updated_at": "2025-09-11T11:29:28.784Z"}}, {"model": "main.workorder", "pk": 55, "fields": {"street": 234, "cleaning_machine": 1, "daily_passages": 1, "date": "2025-09-11", "created_by": 1, "created_at": "2025-09-11T11:29:28.790Z", "updated_at": "2025-09-11T11:29:28.790Z"}}]
